Record Length,2500,Points,0.0,-19.9999996E-3,
Sample Interval,9.999999776E-3,s,9.999999776E-3,-59.999998659E-3,
Trigger Point,0.0,Samples,19.9999996E-3,0.0,
,,,29.99999933E-3,-99.999994040E-3,
,,,39.99999911E-3,0.0,
,,,49.99999702E-3,-79.999998212E-3,
Source,CH1,,59.999998659E-3,0.0,
Vertical Units,Volts,,70.000000298E-3,-99.999994040E-3,
Vertical Scale,499.999988824E-3,,79.999998212E-3,0.0,
Vertical Offset,0,,89.999996126E-3,-79.999998212E-3,
Horizontal Units,s,,99.999994040E-3,19.9999996E-3,
Horizontal Scale,2.4999999,,109.9999994E-3,-59.999998659E-3,
Pt Fmt,Y,,119.9999973E-3,-19.9999996E-3,
Yzero,-40.00000000E-3,,129.9999952E-3,-59.999998659E-3,
Probe Atten,1.000000,,140.0000006E-3,-19.9999996E-3,
,,,149.99999106E-3,-59.999998659E-3,
Note,TBS 1052B-EDU - 5:12:43 PM   6/14/2023,,159.99999642E-3,-19.9999996E-3,
,,,170.00000179E-3,-39.99999911E-3,
,,,179.99999225E-3,-39.99999911E-3,
,,,189.99999762E-3,0.0,
,,,199.99998808E-3,-79.999998212E-3,
,,,209.99999344E-3,-19.9999996E-3,
,,,219.99999881E-3,-79.999998212E-3,
,,,229.99998927E-3,19.9999996E-3,
,,,239.99999464E-3,-79.999998212E-3,
,,,250.00000000E-3,119.9999973E-3,
,,,259.99999046E-3,-79.999998212E-3,
,,,269.99998093E-3,19.9999996E-3,
,,,280.00000119E-3,-59.999998659E-3,
,,,289.99999166E-3,-19.9999996E-3,
,,,299.99998212E-3,-39.99999911E-3,
,,,310.00000238E-3,-19.9999996E-3,
,,,319.99999285E-3,-59.999998659E-3,
,,,329.99998331E-3,-19.9999996E-3,
,,,340.00000358E-3,-19.9999996E-3,
,,,349.99999404E-3,-59.999998659E-3,
,,,359.99998450E-3,0.0,
,,,370.00000477E-3,-59.999998659E-3,
,,,379.99999523E-3,0.0,
,,,389.99998569E-3,-79.999998212E-3,
,,,399.99997616E-3,19.9999996E-3,
,,,409.999996424E-3,-99.999994040E-3,
,,,419.999986887E-3,0.0,
,,,429.999977350E-3,-79.999998212E-3,
,,,439.999997616E-3,19.9999996E-3,
,,,449.999988079E-3,-19.9999996E-3,
,,,459.999978542E-3,0.0,
,,,469.999998808E-3,-59.999998659E-3,
,,,479.999989271E-3,-19.9999996E-3,
,,,489.999979734E-3,-59.999998659E-3,
,,,500.000000000E-3,-39.99999911E-3,
,,,509.999990463E-3,0.0,
,,,519.999980927E-3,-59.999998659E-3,
,,,529.999971390E-3,0.0,
,,,539.999961853E-3,-39.99999911E-3,
,,,550.000011921E-3,19.9999996E-3,
,,,560.000002384E-3,-79.999998212E-3,
,,,569.999992847E-3,0.0,
,,,579.999983311E-3,-79.999998212E-3,
,,,589.999973774E-3,19.9999996E-3,
,,,599.999964237E-3,-59.999998659E-3,
,,,610.000014305E-3,0.0,
,,,620.000004768E-3,-59.999998659E-3,
,,,629.999995232E-3,-19.9999996E-3,
,,,639.999985695E-3,-39.99999911E-3,
,,,649.999976158E-3,-39.99999911E-3,
,,,659.999966621E-3,0.0,
,,,669.999957085E-3,-79.999998212E-3,
,,,680.000007153E-3,0.0,
,,,689.999997616E-3,-99.999994040E-3,
,,,699.999988079E-3,19.9999996E-3,
,,,709.999978542E-3,-99.999994040E-3,
,,,719.999969006E-3,19.9999996E-3,
,,,729.999959469E-3,-59.999998659E-3,
,,,740.000009537E-3,0.0,
,,,750.000000000E-3,-79.999998212E-3,
,,,759.999990463E-3,-19.9999996E-3,
,,,769.999980927E-3,-39.99999911E-3,
,,,779.999971390E-3,-19.9999996E-3,
,,,789.999961853E-3,-19.9999996E-3,
,,,799.999952316E-3,-39.99999911E-3,
,,,810.000002384E-3,0.0,
,,,819.999992847E-3,-59.999998659E-3,
,,,829.999983311E-3,19.9999996E-3,
,,,839.999973774E-3,-99.999994040E-3,
,,,849.999964237E-3,19.9999996E-3,
,,,859.999954700E-3,-99.999994040E-3,
,,,870.000004768E-3,19.9999996E-3,
,,,879.999995232E-3,-79.999998212E-3,
,,,889.999985695E-3,0.0,
,,,899.999976158E-3,-59.999998659E-3,
,,,909.999966621E-3,-19.9999996E-3,
,,,919.999957085E-3,-59.999998659E-3,
,,,930.000007153E-3,-39.99999911E-3,
,,,939.999997616E-3,-19.9999996E-3,
,,,949.999988079E-3,-59.999998659E-3,
,,,959.999978542E-3,19.9999996E-3,
,,,969.999969006E-3,-79.999998212E-3,
,,,979.999959469E-3,19.9999996E-3,
,,,989.999949932E-3,-79.999998212E-3,
,,,1.000000,19.9999996E-3,
,,,1.0100000,-59.999998659E-3,
,,,1.0200000,0.0,
,,,1.0300000,-59.999998659E-3,
,,,1.0400000,0.0,
,,,1.0500000,-59.999998659E-3,
,,,1.0599999,0.0,
,,,1.0699999,-19.9999996E-3,
,,,1.0799999,-39.99999911E-3,
,,,1.0900000,-19.9999996E-3,
,,,1.1000000,-59.999998659E-3,
,,,1.1100000,0.0,
,,,1.1200000,-59.999998659E-3,
,,,1.1300000,19.9999996E-3,
,,,1.1400000,-79.999998212E-3,
,,,1.1500000,39.99999911E-3,
,,,1.1600000,59.999998659E-3,
,,,1.1700000,19.9999996E-3,
,,,1.1799999,-79.999998212E-3,
,,,1.1899999,19.9999996E-3,
,,,1.1999999,-99.999994040E-3,
,,,1.2099999,19.9999996E-3,
,,,1.2200000,-99.999994040E-3,
,,,1.2300000,19.9999996E-3,
,,,1.2400000,-79.999998212E-3,
,,,1.2500000,19.9999996E-3,
,,,1.2600000,-59.999998659E-3,
,,,1.2700000,19.9999996E-3,
,,,1.2800000,-59.999998659E-3,
,,,1.2900000,-19.9999996E-3,
,,,1.3000000,-39.99999911E-3,
,,,1.3099999,-19.9999996E-3,
,,,1.3199999,-19.9999996E-3,
,,,1.3299999,-59.999998659E-3,
,,,1.3399999,0.0,
,,,1.3500000,-99.999994040E-3,
,,,1.3600000,19.9999996E-3,
,,,1.3700000,-79.999998212E-3,
,,,1.3800000,19.9999996E-3,
,,,1.3900000,-59.999998659E-3,
,,,1.4000000,0.0,
,,,1.4100000,-39.99999911E-3,
,,,1.4200000,-159.99999642E-3,
,,,1.4299999,-19.9999996E-3,
,,,1.4399999,-59.999998659E-3,
,,,1.4499999,-19.9999996E-3,
,,,1.4599999,-59.999998659E-3,
,,,1.4699999,39.99999911E-3,
,,,1.4800000,-119.9999973E-3,
,,,1.4900000,19.9999996E-3,
,,,1.5000000,-59.999998659E-3,
,,,1.5100000,19.9999996E-3,
,,,1.5200000,-59.999998659E-3,
,,,1.5300000,0.0,
,,,1.5400000,59.999998659E-3,
,,,1.5500000,-19.9999996E-3,
,,,1.5599999,-39.99999911E-3,
,,,1.5699999,-19.9999996E-3,
,,,1.5799999,-19.9999996E-3,
,,,1.5899999,-39.99999911E-3,
,,,1.5999999,0.0,
,,,1.6100000,-79.999998212E-3,
,,,1.6200000,19.9999996E-3,
,,,1.6300000,-99.999994040E-3,
,,,1.6400000,19.9999996E-3,
,,,1.6500000,-59.999998659E-3,
,,,1.6600000,-19.9999996E-3,
,,,1.6700000,-19.9999996E-3,
,,,1.6799999,-39.99999911E-3,
,,,1.6899999,-19.9999996E-3,
,,,1.6999999,-59.999998659E-3,
,,,1.7099999,19.9999996E-3,
,,,1.7199999,-79.999998212E-3,
,,,1.7300000,19.9999996E-3,
,,,1.7400000,-99.999994040E-3,
,,,1.7500000,19.9999996E-3,
,,,1.7600000,-59.999998659E-3,
,,,1.7700000,0.0,
,,,1.7800000,-59.999998659E-3,
,,,1.7900000,-19.9999996E-3,
,,,1.8000000,-19.9999996E-3,
,,,1.8099999,-39.99999911E-3,
,,,1.8199999,-19.9999996E-3,
,,,1.8299999,-59.999998659E-3,
,,,1.8399999,19.9999996E-3,
,,,1.8499999,-99.999994040E-3,
,,,1.8600000,19.9999996E-3,
,,,1.8700000,-59.999998659E-3,
,,,1.8800000,-19.9999996E-3,
,,,1.8900000,-59.999998659E-3,
,,,1.9000000,-19.9999996E-3,
,,,1.9100000,-19.9999996E-3,
,,,1.9200000,-39.99999911E-3,
,,,1.9299999,0.0,
,,,1.9399999,-79.999998212E-3,
,,,1.9499999,19.9999996E-3,
,,,1.9599999,-79.999998212E-3,
,,,1.9699999,19.9999996E-3,
,,,1.9799999,-99.999994040E-3,
,,,1.9900000,19.9999996E-3,
,,,2.0000000,-79.999998212E-3,
,,,2.0100000,0.0,
,,,2.0200000,-59.999998659E-3,
,,,2.0300000,0.0,
,,,2.0400000,-39.99999911E-3,
,,,2.0500000,-19.9999996E-3,
,,,2.0599999,-19.9999996E-3,
,,,2.0699999,-59.999998659E-3,
,,,2.0799999,19.9999996E-3,
,,,2.0899999,-79.999998212E-3,
,,,2.0999999,19.9999996E-3,
,,,2.1099999,-79.999998212E-3,
,,,2.1199999,19.9999996E-3,
,,,2.1299999,-59.999998659E-3,
,,,2.1399999,0.0,
,,,2.1499999,-39.99999911E-3,
,,,2.1599998,-19.9999996E-3,
,,,2.1699998,-39.99999911E-3,
,,,2.1800001,-39.99999911E-3,
,,,2.1900001,0.0,
,,,2.2000000,-79.999998212E-3,
,,,2.2100000,19.9999996E-3,
,,,2.2200000,-99.999994040E-3,
,,,2.2300000,19.9999996E-3,
,,,2.2400000,-79.999998212E-3,
,,,2.2500000,19.9999996E-3,
,,,2.2600000,-59.999998659E-3,
,,,2.2700000,0.0,
,,,2.2800000,-39.99999911E-3,
,,,2.2900000,-59.999998659E-3,
,,,2.3000000,-19.9999996E-3,
,,,2.3099999,-39.99999911E-3,
,,,2.3199999,0.0,
,,,2.3299999,-59.999998659E-3,
,,,2.3399999,19.9999996E-3,
,,,2.3499999,-79.999998212E-3,
,,,2.3599999,19.9999996E-3,
,,,2.3699999,-79.999998212E-3,
,,,2.3799999,0.0,
,,,2.3899999,-59.999998659E-3,
,,,2.3999999,-19.9999996E-3,
,,,2.4099998,-39.99999911E-3,
,,,2.4199998,-39.99999911E-3,
,,,2.4299998,-19.9999996E-3,
,,,2.4400001,-59.999998659E-3,
,,,2.4500000,0.0,
,,,2.4600000,-79.999998212E-3,
,,,2.4700000,19.9999996E-3,
,,,2.4800000,-79.999998212E-3,
,,,2.4900000,19.9999996E-3,
,,,2.5000000,-99.999994040E-3,
,,,2.5100000,39.99999911E-3,
,,,2.5200000,-99.999994040E-3,
,,,2.5300000,19.9999996E-3,
,,,2.5400000,-79.999998212E-3,
,,,2.5500000,39.99999911E-3,
,,,2.5599999,-59.999998659E-3,
,,,2.5699999,0.0,
,,,2.5799999,-39.99999911E-3,
,,,2.5899999,-19.9999996E-3,
,,,2.5999999,299.99998212E-3,
,,,2.6099999,-19.9999996E-3,
,,,2.6199999,-19.9999996E-3,
,,,2.6299999,-59.999998659E-3,
,,,2.6399999,0.0,
,,,2.6499999,-59.999998659E-3,
,,,2.6599998,19.9999996E-3,
,,,2.6699998,-79.999998212E-3,
,,,2.6799998,19.9999996E-3,
,,,2.6900001,-99.999994040E-3,
,,,2.7000000,19.9999996E-3,
,,,2.7100000,-79.999998212E-3,
,,,2.72000003,19.9999996E-3,
,,,2.73000002,-79.999998212E-3,
,,,2.74000001,19.9999996E-3,
,,,2.75000000,-59.999998659E-3,
,,,2.75999999,19.9999996E-3,
,,,2.76999998,-59.999998659E-3,
,,,2.77999997,39.99999911E-3,
,,,2.78999996,-59.999998659E-3,
,,,2.79999995,0.0,
,,,2.80999994,-59.999998659E-3,
,,,2.81999993,-19.9999996E-3,
,,,2.82999992,-39.99999911E-3,
,,,2.83999991,-19.9999996E-3,
,,,2.84999990,-39.99999911E-3,
,,,2.85999990,-19.9999996E-3,
,,,2.86999989,-19.9999996E-3,
,,,2.87999988,-39.99999911E-3,
,,,2.88999987,-39.99999911E-3,
,,,2.89999986,-19.9999996E-3,
,,,2.90999985,-19.9999996E-3,
,,,2.91999984,-39.99999911E-3,
,,,2.92999983,-39.99999911E-3,
,,,2.93999982,-39.99999911E-3,
,,,2.95000005,-19.9999996E-3,
,,,2.96000004,-19.9999996E-3,
,,,2.97000003,-19.9999996E-3,
,,,2.98000002,-79.999998212E-3,
,,,2.99000001,-19.9999996E-3,
,,,3.00000000,-39.99999911E-3,
,,,3.00999999,0.0,
,,,3.01999998,-59.999998659E-3,
,,,3.02999997,0.0,
,,,3.03999996,-79.999998212E-3,
,,,3.04999995,19.9999996E-3,
,,,3.05999994,-99.999994040E-3,
,,,3.06999993,39.99999911E-3,
,,,3.07999992,-79.999998212E-3,
,,,3.08999991,19.9999996E-3,
,,,3.09999990,-79.999998212E-3,
,,,3.10999990,19.9999996E-3,
,,,3.11999989,-79.999998212E-3,
,,,3.12999988,19.9999996E-3,
,,,3.13999987,-79.999998212E-3,
,,,3.14999986,0.0,
,,,3.15999985,-39.99999911E-3,
,,,3.16999984,0.0,
,,,3.17999983,-39.99999911E-3,
,,,3.18999982,0.0,
,,,3.19999981,-59.999998659E-3,
,,,3.21000004,-19.9999996E-3,
,,,3.22000003,-19.9999996E-3,
,,,3.23000002,-19.9999996E-3,
,,,3.24000001,-19.9999996E-3,
,,,3.25000000,-19.9999996E-3,
,,,3.25999999,-19.9999996E-3,
,,,3.26999998,-39.99999911E-3,
,,,3.27999997,-39.99999911E-3,
,,,3.28999996,-39.99999911E-3,
,,,3.29999995,-19.9999996E-3,
,,,3.30999994,-59.999998659E-3,
,,,3.31999993,0.0,
,,,3.32999992,-39.99999911E-3,
,,,3.33999991,-19.9999996E-3,
,,,3.34999990,-39.99999911E-3,
,,,3.35999990,-19.9999996E-3,
,,,3.36999989,-59.999998659E-3,
,,,3.37999988,-19.9999996E-3,
,,,3.38999987,-59.999998659E-3,
,,,3.39999986,0.0,
,,,3.40999985,-59.999998659E-3,
,,,3.41999984,0.0,
,,,3.42999983,-79.999998212E-3,
,,,3.43999982,59.999998659E-3,
,,,3.44999981,-79.999998212E-3,
,,,3.46000004,19.9999996E-3,
,,,3.47000003,0.0,
,,,3.48000002,19.9999996E-3,
,,,3.49000001,-79.999998212E-3,
,,,3.50000000,19.9999996E-3,
,,,3.50999999,-79.999998212E-3,
,,,3.51999998,39.99999911E-3,
,,,3.52999997,-79.999998212E-3,
,,,3.53999996,239.99999464E-3,
,,,3.54999995,-79.999998212E-3,
,,,3.55999994,0.0,
,,,3.56999993,-79.999998212E-3,
,,,3.57999992,19.9999996E-3,
,,,3.58999991,-99.999994040E-3,
,,,3.59999990,19.9999996E-3,
,,,3.60999990,-79.999998212E-3,
,,,3.61999989,0.0,
,,,3.62999988,-59.999998659E-3,
,,,3.63999987,0.0,
,,,3.64999986,-59.999998659E-3,
,,,3.65999985,0.0,
,,,3.66999984,-59.999998659E-3,
,,,3.67999983,0.0,
,,,3.68999982,-59.999998659E-3,
,,,3.69999981,0.0,
,,,3.70999980,-59.999998659E-3,
,,,3.72000003,0.0,
,,,3.73000002,-119.9999973E-3,
,,,3.74000001,0.0,
,,,3.75000000,-59.999998659E-3,
,,,3.75999999,-19.9999996E-3,
,,,3.76999998,-39.99999911E-3,
,,,3.77999997,-19.9999996E-3,
,,,3.78999996,-39.99999911E-3,
,,,3.79999995,-39.99999911E-3,
,,,3.80999994,-19.9999996E-3,
,,,3.81999993,-39.99999911E-3,
,,,3.82999992,-19.9999996E-3,
,,,3.83999991,-19.9999996E-3,
,,,3.84999990,0.0,
,,,3.85999990,-39.99999911E-3,
,,,3.86999989,0.0,
,,,3.87999988,-59.999998659E-3,
,,,3.88999987,0.0,
,,,3.89999986,-59.999998659E-3,
,,,3.90999985,19.9999996E-3,
,,,3.91999984,-19.9999996E-3,
,,,3.92999983,19.9999996E-3,
,,,3.93999982,-79.999998212E-3,
,,,3.94999981,0.0,
,,,3.95999980,-79.999998212E-3,
,,,3.97000003,19.9999996E-3,
,,,3.98000002,-79.999998212E-3,
,,,3.99000001,39.99999911E-3,
,,,4.00000000,-99.999994040E-3,
,,,4.00999975,39.99999911E-3,
,,,4.01999998,-99.999994040E-3,
,,,4.02999973,19.9999996E-3,
,,,4.03999996,-79.999998212E-3,
,,,4.04999971,19.9999996E-3,
,,,4.05999994,-79.999998212E-3,
,,,4.06999969,39.99999911E-3,
,,,4.07999992,-140.0000006E-3,
,,,4.08999968,19.9999996E-3,
,,,4.09999990,-99.999994040E-3,
,,,4.11000013,19.9999996E-3,
,,,4.11999989,-99.999994040E-3,
,,,4.13000011,19.9999996E-3,
,,,4.13999987,-79.999998212E-3,
,,,4.15000010,19.9999996E-3,
,,,4.15999985,-99.999994040E-3,
,,,4.17000008,19.9999996E-3,
,,,4.17999983,-79.999998212E-3,
,,,4.19000006,19.9999996E-3,
,,,4.19999981,-59.999998659E-3,
,,,4.21000004,0.0,
,,,4.21999979,-59.999998659E-3,
,,,4.23000002,0.0,
,,,4.23999977,-59.999998659E-3,
,,,4.25000000,0.0,
,,,4.25999975,-59.999998659E-3,
,,,4.26999998,59.999998659E-3,
,,,4.27999973,-59.999998659E-3,
,,,4.28999996,0.0,
,,,4.29999971,-59.999998659E-3,
,,,4.30999994,0.0,
,,,4.31999969,-59.999998659E-3,
,,,4.32999992,0.0,
,,,4.33999968,-59.999998659E-3,
,,,4.34999990,-19.9999996E-3,
,,,4.36000013,-59.999998659E-3,
,,,4.36999989,0.0,
,,,4.38000011,-59.999998659E-3,
,,,4.38999987,0.0,
,,,4.40000010,-39.99999911E-3,
,,,4.40999985,0.0,
,,,4.42000008,-59.999998659E-3,
,,,4.42999983,-19.9999996E-3,
,,,4.44000006,-39.99999911E-3,
,,,4.44999981,19.9999996E-3,
,,,4.46000004,-19.9999996E-3,
,,,4.46999979,-39.99999911E-3,
,,,4.48000002,-39.99999911E-3,
,,,4.48999977,-59.999998659E-3,
,,,4.50000000,-19.9999996E-3,
,,,4.50999975,-39.99999911E-3,
,,,4.51999998,-19.9999996E-3,
,,,4.52999973,-79.999998212E-3,
,,,4.53999996,0.0,
,,,4.54999971,-79.999998212E-3,
,,,4.55999994,-19.9999996E-3,
,,,4.56999969,-79.999998212E-3,
,,,4.57999992,0.0,
,,,4.58999968,-119.9999973E-3,
,,,4.59999990,0.0,
,,,4.61000013,-119.9999973E-3,
,,,4.61999989,199.99998808E-3,
,,,4.63000011,-119.9999973E-3,
,,,4.63999987,0.0,
,,,4.65000010,-119.9999973E-3,
,,,4.65999985,0.0,
,,,4.67000008,-99.999994040E-3,
,,,4.67999983,-19.9999996E-3,
,,,4.69000006,-99.999994040E-3,
,,,4.69999981,-19.9999996E-3,
,,,4.71000004,-99.999994040E-3,
,,,4.71999979,-19.9999996E-3,
,,,4.73000002,-79.999998212E-3,
,,,4.73999977,-19.9999996E-3,
,,,4.75000000,-119.9999973E-3,
,,,4.75999975,-19.9999996E-3,
,,,4.76999998,-79.999998212E-3,
,,,4.77999973,-19.9999996E-3,
,,,4.78999996,-99.999994040E-3,
,,,4.79999971,-19.9999996E-3,
,,,4.80999994,-79.999998212E-3,
,,,4.81999969,-59.999998659E-3,
,,,4.82999992,-79.999998212E-3,
,,,4.83999968,-39.99999911E-3,
,,,4.84999990,-79.999998212E-3,
,,,4.85999966,-59.999998659E-3,
,,,4.86999989,-79.999998212E-3,
,,,4.88000011,-59.999998659E-3,
,,,4.88999987,-79.999998212E-3,
,,,4.90000010,-59.999998659E-3,
,,,4.90999985,-39.99999911E-3,
,,,4.92000008,-99.999994040E-3,
,,,4.92999983,-39.99999911E-3,
,,,4.94000006,-119.9999973E-3,
,,,4.94999981,-39.99999911E-3,
,,,4.96000004,-119.9999973E-3,
,,,4.96999979,-19.9999996E-3,
,,,4.98000002,-140.0000006E-3,
,,,4.98999977,-19.9999996E-3,
,,,5.00000000,-159.99999642E-3,
,,,5.00999975,-19.9999996E-3,
,,,5.01999998,-140.0000006E-3,
,,,5.02999973,-39.99999911E-3,
,,,5.03999996,-159.99999642E-3,
,,,5.04999971,-39.99999911E-3,
,,,5.05999994,-119.9999973E-3,
,,,5.06999969,-39.99999911E-3,
,,,5.07999992,-159.99999642E-3,
,,,5.08999968,-39.99999911E-3,
,,,5.09999990,-119.9999973E-3,
,,,5.10999966,-39.99999911E-3,
,,,5.11999989,-140.0000006E-3,
,,,5.13000011,-39.99999911E-3,
,,,5.13999987,-159.99999642E-3,
,,,5.15000010,-59.999998659E-3,
,,,5.15999985,-140.0000006E-3,
,,,5.17000008,-59.999998659E-3,
,,,5.17999983,-119.9999973E-3,
,,,5.19000006,-79.999998212E-3,
,,,5.19999981,-140.0000006E-3,
,,,5.21000004,-79.999998212E-3,
,,,5.21999979,-119.9999973E-3,
,,,5.23000002,-79.999998212E-3,
,,,5.23999977,-140.0000006E-3,
,,,5.25000000,-99.999994040E-3,
,,,5.25999975,-199.99998808E-3,
,,,5.26999998,-79.999998212E-3,
,,,5.27999973,-140.0000006E-3,
,,,5.28999996,-79.999998212E-3,
,,,5.29999971,-140.0000006E-3,
,,,5.30999994,-99.999994040E-3,
,,,5.31999969,-140.0000006E-3,
,,,5.32999992,-119.9999973E-3,
,,,5.33999968,-140.0000006E-3,
,,,5.34999990,-119.9999973E-3,
,,,5.35999966,-140.0000006E-3,
,,,5.36999989,-140.0000006E-3,
,,,5.38000011,-119.9999973E-3,
,,,5.38999987,-119.9999973E-3,
,,,5.40000010,-119.9999973E-3,
,,,5.40999985,-140.0000006E-3,
,,,5.42000008,-119.9999973E-3,
,,,5.42999983,-159.99999642E-3,
,,,5.44000006,-99.999994040E-3,
,,,5.44999981,-159.99999642E-3,
,,,5.46000004,-99.999994040E-3,
,,,5.46999979,-159.99999642E-3,
,,,5.48000002,-79.999998212E-3,
,,,5.48999977,-199.99998808E-3,
,,,5.50000000,-79.999998212E-3,
,,,5.50999975,-179.99999225E-3,
,,,5.51999998,-99.999994040E-3,
,,,5.52999973,-199.99998808E-3,
,,,5.53999996,-79.999998212E-3,
,,,5.54999971,-199.99998808E-3,
,,,5.55999994,-79.999998212E-3,
,,,5.56999969,-199.99998808E-3,
,,,5.57999992,-79.999998212E-3,
,,,5.58999968,-199.99998808E-3,
,,,5.59999990,-99.999994040E-3,
,,,5.60999966,-199.99998808E-3,
,,,5.61999989,-99.999994040E-3,
,,,5.62999964,-199.99998808E-3,
,,,5.63999987,-99.999994040E-3,
,,,5.65000010,-199.99998808E-3,
,,,5.65999985,-99.999994040E-3,
,,,5.67000008,-179.99999225E-3,
,,,5.67999983,-99.999994040E-3,
,,,5.69000006,-179.99999225E-3,
,,,5.69999981,-119.9999973E-3,
,,,5.71000004,-199.99998808E-3,
,,,5.71999979,-99.999994040E-3,
,,,5.73000002,-179.99999225E-3,
,,,5.73999977,-99.999994040E-3,
,,,5.75000000,-199.99998808E-3,
,,,5.75999975,-99.999994040E-3,
,,,5.76999998,-199.99998808E-3,
,,,5.77999973,-119.9999973E-3,
,,,5.78999996,-179.99999225E-3,
,,,5.79999971,-99.999994040E-3,
,,,5.80999994,-199.99998808E-3,
,,,5.81999969,-119.9999973E-3,
,,,5.82999992,-179.99999225E-3,
,,,5.83999968,-119.9999973E-3,
,,,5.84999990,-179.99999225E-3,
,,,5.85999966,-140.0000006E-3,
,,,5.86999989,-159.99999642E-3,
,,,5.87999964,-140.0000006E-3,
,,,5.88999987,-179.99999225E-3,
,,,5.90000010,-159.99999642E-3,
,,,5.90999985,-159.99999642E-3,
,,,5.92000008,-140.0000006E-3,
,,,5.92999983,-159.99999642E-3,
,,,5.94000006,-199.99998808E-3,
,,,5.94999981,-159.99999642E-3,
,,,5.96000004,-159.99999642E-3,
,,,5.96999979,-140.0000006E-3,
,,,5.98000002,-179.99999225E-3,
,,,5.98999977,-140.0000006E-3,
,,,6.00000000,-179.99999225E-3,
,,,6.00999975,-119.9999973E-3,
,,,6.01999998,-199.99998808E-3,
,,,6.02999973,-99.999994040E-3,
,,,6.03999996,-219.99999881E-3,
,,,6.04999971,-99.999994040E-3,
,,,6.05999994,-219.99999881E-3,
,,,6.06999969,-119.9999973E-3,
,,,6.07999992,-199.99998808E-3,
,,,6.08999968,-119.9999973E-3,
,,,6.09999990,-179.99999225E-3,
,,,6.10999966,-140.0000006E-3,
,,,6.11999989,-159.99999642E-3,
,,,6.12999964,-179.99999225E-3,
,,,6.13999987,-140.0000006E-3,
,,,6.15000010,-179.99999225E-3,
,,,6.15999985,-119.9999973E-3,
,,,6.17000008,-219.99999881E-3,
,,,6.17999983,-99.999994040E-3,
,,,6.19000006,-179.99999225E-3,
,,,6.19999981,-119.9999973E-3,
,,,6.21000004,-159.99999642E-3,
,,,6.21999979,-159.99999642E-3,
,,,6.23000002,-140.0000006E-3,
,,,6.23999977,-179.99999225E-3,
,,,6.25000000,-140.0000006E-3,
,,,6.25999975,-199.99998808E-3,
,,,6.26999998,-119.9999973E-3,
,,,6.27999973,-199.99998808E-3,
,,,6.28999996,-119.9999973E-3,
,,,6.29999971,-239.99999464E-3,
,,,6.30999994,-79.999998212E-3,
,,,6.31999969,-219.99999881E-3,
,,,6.32999992,-119.9999973E-3,
,,,6.33999968,-219.99999881E-3,
,,,6.34999990,-119.9999973E-3,
,,,6.35999966,-219.99999881E-3,
,,,6.36999989,-140.0000006E-3,
,,,6.37999964,-159.99999642E-3,
,,,6.38999987,-159.99999642E-3,
,,,6.39999962,-199.99998808E-3,
,,,6.40999985,-159.99999642E-3,
,,,6.42000008,-140.0000006E-3,
,,,6.42999983,-199.99998808E-3,
,,,6.44000006,-140.0000006E-3,
,,,6.44999981,-219.99999881E-3,
,,,6.46000004,-119.9999973E-3,
,,,6.46999979,-219.99999881E-3,
,,,6.48000002,-119.9999973E-3,
,,,6.48999977,-219.99999881E-3,
,,,6.50000000,-119.9999973E-3,
,,,6.50999975,-199.99998808E-3,
,,,6.51999998,-119.9999973E-3,
,,,6.52999973,-199.99998808E-3,
,,,6.53999996,-140.0000006E-3,
,,,6.54999971,-179.99999225E-3,
,,,6.55999994,-159.99999642E-3,
,,,6.56999969,-159.99999642E-3,
,,,6.57999992,-179.99999225E-3,
,,,6.58999968,-159.99999642E-3,
,,,6.59999990,-199.99998808E-3,
,,,6.60999966,-159.99999642E-3,
,,,6.61999989,-99.999994040E-3,
,,,6.62999964,-140.0000006E-3,
,,,6.63999987,-219.99999881E-3,
,,,6.64999962,-119.9999973E-3,
,,,6.65999985,-219.99999881E-3,
,,,6.67000008,-79.999998212E-3,
,,,6.67999983,-219.99999881E-3,
,,,6.69000006,-119.9999973E-3,
,,,6.69999981,-239.99999464E-3,
,,,6.71000004,-140.0000006E-3,
,,,6.71999979,-219.99999881E-3,
,,,6.73000002,-140.0000006E-3,
,,,6.73999977,-199.99998808E-3,
,,,6.75000000,-140.0000006E-3,
,,,6.75999975,-199.99998808E-3,
,,,6.76999998,-159.99999642E-3,
,,,6.77999973,-199.99998808E-3,
,,,6.78999996,-159.99999642E-3,
,,,6.79999971,-179.99999225E-3,
,,,6.80999994,-179.99999225E-3,
,,,6.81999969,-179.99999225E-3,
,,,6.82999992,-179.99999225E-3,
,,,6.83999968,-159.99999642E-3,
,,,6.84999990,-179.99999225E-3,
,,,6.85999966,-159.99999642E-3,
,,,6.86999989,-199.99998808E-3,
,,,6.87999964,-140.0000006E-3,
,,,6.88999987,-219.99999881E-3,
,,,6.89999962,-119.9999973E-3,
,,,6.90999985,-219.99999881E-3,
,,,6.92000008,-140.0000006E-3,
,,,6.92999983,-259.99999046E-3,
,,,6.94000006,-119.9999973E-3,
,,,6.94999981,-239.99999464E-3,
,,,6.96000004,-140.0000006E-3,
,,,6.96999979,-219.99999881E-3,
,,,6.98000002,-140.0000006E-3,
,,,6.98999977,-199.99998808E-3,
,,,7.00000000,-140.0000006E-3,
,,,7.00999975,-219.99999881E-3,
,,,7.01999998,-159.99999642E-3,
,,,7.02999973,-199.99998808E-3,
,,,7.03999996,-179.99999225E-3,
,,,7.04999971,-199.99998808E-3,
,,,7.05999994,-179.99999225E-3,
,,,7.06999969,-179.99999225E-3,
,,,7.07999992,-199.99998808E-3,
,,,7.08999968,-159.99999642E-3,
,,,7.09999990,-199.99998808E-3,
,,,7.10999966,-179.99999225E-3,
,,,7.11999989,-199.99998808E-3,
,,,7.12999964,-179.99999225E-3,
,,,7.13999987,-219.99999881E-3,
,,,7.14999962,-140.0000006E-3,
,,,7.15999985,-219.99999881E-3,
,,,7.17000008,-159.99999642E-3,
,,,7.17999983,-219.99999881E-3,
,,,7.19000006,-159.99999642E-3,
,,,7.19999981,-239.99999464E-3,
,,,7.21000004,-119.9999973E-3,
,,,7.21999979,-239.99999464E-3,
,,,7.23000002,-140.0000006E-3,
,,,7.23999977,-219.99999881E-3,
,,,7.25000000,-140.0000006E-3,
,,,7.25999975,-259.99999046E-3,
,,,7.26999998,-119.9999973E-3,
,,,7.27999973,-239.99999464E-3,
,,,7.28999996,-140.0000006E-3,
,,,7.29999971,-259.99999046E-3,
,,,7.30999994,-140.0000006E-3,
,,,7.31999969,-259.99999046E-3,
,,,7.32999992,-140.0000006E-3,
,,,7.33999968,-239.99999464E-3,
,,,7.34999990,-159.99999642E-3,
,,,7.35999966,-219.99999881E-3,
,,,7.36999989,-140.0000006E-3,
,,,7.37999964,-219.99999881E-3,
,,,7.389999866,-140.0000006E-3,
,,,7.399999619,-219.99999881E-3,
,,,7.409999847,-179.99999225E-3,
,,,7.419999599,-219.99999881E-3,
,,,7.429999828,-179.99999225E-3,
,,,7.440000057,-219.99999881E-3,
,,,7.449999809,-179.99999225E-3,
,,,7.460000038,-199.99998808E-3,
,,,7.469999790,-219.99999881E-3,
,,,7.480000019,-179.99999225E-3,
,,,7.489999771,-219.99999881E-3,
,,,7.500000000,-159.99999642E-3,
,,,7.509999752,-239.99999464E-3,
,,,7.519999981,-159.99999642E-3,
,,,7.529999733,-259.99999046E-3,
,,,7.539999962,-140.0000006E-3,
,,,7.549999714,-239.99999464E-3,
,,,7.559999943,-159.99999642E-3,
,,,7.569999695,-239.99999464E-3,
,,,7.579999924,-159.99999642E-3,
,,,7.589999676,-219.99999881E-3,
,,,7.599999905,-179.99999225E-3,
,,,7.609999657,-140.0000006E-3,
,,,7.619999886,-199.99998808E-3,
,,,7.629999638,-159.99999642E-3,
,,,7.639999866,-219.99999881E-3,
,,,7.649999619,-159.99999642E-3,
,,,7.659999847,-259.99999046E-3,
,,,7.669999599,-140.0000006E-3,
,,,7.679999828,-259.99999046E-3,
,,,7.690000057,-159.99999642E-3,
,,,7.699999809,-239.99999464E-3,
,,,7.710000038,-159.99999642E-3,
,,,7.719999790,-219.99999881E-3,
,,,7.730000019,-179.99999225E-3,
,,,7.739999771,-199.99998808E-3,
,,,7.750000000,-199.99998808E-3,
,,,7.759999752,-199.99998808E-3,
,,,7.769999981,-219.99999881E-3,
,,,7.779999733,-179.99999225E-3,
,,,7.789999962,-219.99999881E-3,
,,,7.799999714,-179.99999225E-3,
,,,7.809999943,-259.99999046E-3,
,,,7.819999695,-159.99999642E-3,
,,,7.829999924,-280.00000119E-3,
,,,7.839999676,-159.99999642E-3,
,,,7.849999905,-259.99999046E-3,
,,,7.859999657,-179.99999225E-3,
,,,7.869999886,-219.99999881E-3,
,,,7.879999638,-179.99999225E-3,
,,,7.889999866,-239.99999464E-3,
,,,7.899999619,-179.99999225E-3,
,,,7.909999847,-219.99999881E-3,
,,,7.919999599,-59.999998659E-3,
,,,7.929999828,-199.99998808E-3,
,,,7.940000057,-219.99999881E-3,
,,,7.949999809,-199.99998808E-3,
,,,7.960000038,-239.99999464E-3,
,,,7.969999790,-199.99998808E-3,
,,,7.980000019,-259.99999046E-3,
,,,7.989999771,-199.99998808E-3,
,,,8.000000000,-259.99999046E-3,
,,,8.010000229,-179.99999225E-3,
,,,8.019999504,-280.00000119E-3,
,,,8.029999733,-159.99999642E-3,
,,,8.039999962,-259.99999046E-3,
,,,8.050000191,-159.99999642E-3,
,,,8.059999466,-280.00000119E-3,
,,,8.069999695,-159.99999642E-3,
,,,8.079999924,-259.99999046E-3,
,,,8.090000153,-179.99999225E-3,
,,,8.099999428,-259.99999046E-3,
,,,8.109999657,-179.99999225E-3,
,,,8.119999886,-259.99999046E-3,
,,,8.130000114,-159.99999642E-3,
,,,8.139999390,-259.99999046E-3,
,,,8.149999619,-199.99998808E-3,
,,,8.159999847,-219.99999881E-3,
,,,8.170000076,-219.99999881E-3,
,,,8.179999352,-219.99999881E-3,
,,,8.189999580,-239.99999464E-3,
,,,8.199999809,-199.99998808E-3,
,,,8.210000038,-239.99999464E-3,
,,,8.220000267,-179.99999225E-3,
,,,8.229999542,-239.99999464E-3,
,,,8.239999771,-199.99998808E-3,
,,,8.250000000,-239.99999464E-3,
,,,8.260000229,-199.99998808E-3,
,,,8.269999504,-259.99999046E-3,
,,,8.279999733,-159.99999642E-3,
,,,8.289999962,-259.99999046E-3,
,,,8.300000191,-179.99999225E-3,
,,,8.309999466,-280.00000119E-3,
,,,8.319999695,-179.99999225E-3,
,,,8.329999924,-280.00000119E-3,
,,,8.340000153,-179.99999225E-3,
,,,8.349999428,-259.99999046E-3,
,,,8.359999657,-199.99998808E-3,
,,,8.369999886,-259.99999046E-3,
,,,8.380000114,-219.99999881E-3,
,,,8.389999390,-219.99999881E-3,
,,,8.399999619,-239.99999464E-3,
,,,8.409999847,-219.99999881E-3,
,,,8.420000076,-239.99999464E-3,
,,,8.429999352,-239.99999464E-3,
,,,8.439999580,-259.99999046E-3,
,,,8.449999809,-219.99999881E-3,
,,,8.460000038,-239.99999464E-3,
,,,8.470000267,-239.99999464E-3,
,,,8.479999542,-259.99999046E-3,
,,,8.489999771,-199.99998808E-3,
,,,8.500000000,-259.99999046E-3,
,,,8.510000229,-219.99999881E-3,
,,,8.519999504,-259.99999046E-3,
,,,8.529999733,-199.99998808E-3,
,,,8.539999962,-280.00000119E-3,
,,,8.550000191,-179.99999225E-3,
,,,8.559999466,-280.00000119E-3,
,,,8.569999695,-179.99999225E-3,
,,,8.579999924,-299.99998212E-3,
,,,8.590000153,-179.99999225E-3,
,,,8.599999428,-299.99998212E-3,
,,,8.609999657,-179.99999225E-3,
,,,8.619999886,-299.99998212E-3,
,,,8.630000114,-199.99998808E-3,
,,,8.639999390,-280.00000119E-3,
,,,8.649999619,-179.99999225E-3,
,,,8.659999847,-280.00000119E-3,
,,,8.670000076,-199.99998808E-3,
,,,8.679999352,-280.00000119E-3,
,,,8.689999580,-199.99998808E-3,
,,,8.699999809,-259.99999046E-3,
,,,8.710000038,-219.99999881E-3,
,,,8.720000267,-199.99998808E-3,
,,,8.729999542,-219.99999881E-3,
,,,8.739999771,-259.99999046E-3,
,,,8.750000000,-239.99999464E-3,
,,,8.760000229,-259.99999046E-3,
,,,8.769999504,-340.00000358E-3,
,,,8.779999733,-239.99999464E-3,
,,,8.789999962,-259.99999046E-3,
,,,8.800000191,-219.99999881E-3,
,,,8.809999466,-259.99999046E-3,
,,,8.819999695,-219.99999881E-3,
,,,8.829999924,-280.00000119E-3,
,,,8.840000153,-179.99999225E-3,
,,,8.849999428,-299.99998212E-3,
,,,8.859999657,-199.99998808E-3,
,,,8.869999886,-280.00000119E-3,
,,,8.880000114,-179.99999225E-3,
,,,8.889999390,-280.00000119E-3,
,,,8.899999619,-219.99999881E-3,
,,,8.909999847,-259.99999046E-3,
,,,8.920000076,-219.99999881E-3,
,,,8.929999352,-259.99999046E-3,
,,,8.939999580,-219.99999881E-3,
,,,8.949999809,-259.99999046E-3,
,,,8.960000038,-219.99999881E-3,
,,,8.970000267,-259.99999046E-3,
,,,8.979999542,-259.99999046E-3,
,,,8.989999771,-239.99999464E-3,
,,,9.000000000,-259.99999046E-3,
,,,9.010000229,-219.99999881E-3,
,,,9.019999504,-259.99999046E-3,
,,,9.029999733,-219.99999881E-3,
,,,9.039999962,-280.00000119E-3,
,,,9.050000191,-199.99998808E-3,
,,,9.059999466,-299.99998212E-3,
,,,9.069999695,-199.99998808E-3,
,,,9.079999924,-319.99999285E-3,
,,,9.090000153,-199.99998808E-3,
,,,9.099999428,-299.99998212E-3,
,,,9.109999657,-179.99999225E-3,
,,,9.119999886,-299.99998212E-3,
,,,9.130000114,-199.99998808E-3,
,,,9.139999390,-280.00000119E-3,
,,,9.149999619,-219.99999881E-3,
,,,9.159999847,-259.99999046E-3,
,,,9.170000076,-239.99999464E-3,
,,,9.179999352,-259.99999046E-3,
,,,9.189999580,-239.99999464E-3,
,,,9.199999809,-239.99999464E-3,
,,,9.210000038,-259.99999046E-3,
,,,9.220000267,-259.99999046E-3,
,,,9.229999542,-259.99999046E-3,
,,,9.239999771,-219.99999881E-3,
,,,9.250000000,-280.00000119E-3,
,,,9.260000229,-219.99999881E-3,
,,,9.269999504,-299.99998212E-3,
,,,9.279999733,-199.99998808E-3,
,,,9.289999962,-299.99998212E-3,
,,,9.300000191,-219.99999881E-3,
,,,9.309999466,-299.99998212E-3,
,,,9.319999695,-219.99999881E-3,
,,,9.329999924,-259.99999046E-3,
,,,9.340000153,-239.99999464E-3,
,,,9.349999428,-259.99999046E-3,
,,,9.359999657,-239.99999464E-3,
,,,9.369999886,-259.99999046E-3,
,,,9.380000114,-259.99999046E-3,
,,,9.389999390,-259.99999046E-3,
,,,9.399999619,-280.00000119E-3,
,,,9.409999847,-239.99999464E-3,
,,,9.420000076,-299.99998212E-3,
,,,9.429999352,-219.99999881E-3,
,,,9.439999580,-299.99998212E-3,
,,,9.449999809,-219.99999881E-3,
,,,9.460000038,-319.99999285E-3,
,,,9.469999313,-219.99999881E-3,
,,,9.479999542,-319.99999285E-3,
,,,9.489999771,-199.99998808E-3,
,,,9.500000000,-319.99999285E-3,
,,,9.510000229,-199.99998808E-3,
,,,9.519999504,-319.99999285E-3,
,,,9.529999733,-199.99998808E-3,
,,,9.539999962,-319.99999285E-3,
,,,9.550000191,-219.99999881E-3,
,,,9.559999466,-299.99998212E-3,
,,,9.569999695,-239.99999464E-3,
,,,9.579999924,-299.99998212E-3,
,,,9.590000153,-259.99999046E-3,
,,,9.599999428,-259.99999046E-3,
,,,9.609999657,-259.99999046E-3,
,,,9.619999886,-259.99999046E-3,
,,,9.630000114,-280.00000119E-3,
,,,9.639999390,-259.99999046E-3,
,,,9.649999619,-280.00000119E-3,
,,,9.659999847,-239.99999464E-3,
,,,9.670000076,-280.00000119E-3,
,,,9.679999352,-239.99999464E-3,
,,,9.689999580,-299.99998212E-3,
,,,9.699999809,-219.99999881E-3,
,,,9.710000038,-299.99998212E-3,
,,,9.719999313,-219.99999881E-3,
,,,9.729999542,-299.99998212E-3,
,,,9.739999771,-219.99999881E-3,
,,,9.750000000,-319.99999285E-3,
,,,9.760000229,-219.99999881E-3,
,,,9.769999504,-299.99998212E-3,
,,,9.779999733,-219.99999881E-3,
,,,9.789999962,-299.99998212E-3,
,,,9.800000191,-219.99999881E-3,
,,,9.809999466,-299.99998212E-3,
,,,9.819999695,-239.99999464E-3,
,,,9.829999924,-280.00000119E-3,
,,,9.840000153,-239.99999464E-3,
,,,9.849999428,-259.99999046E-3,
,,,9.859999657,-259.99999046E-3,
,,,9.869999886,-280.00000119E-3,
,,,9.880000114,-259.99999046E-3,
,,,9.889999390,-259.99999046E-3,
,,,9.899999619,-219.99999881E-3,
,,,9.909999847,-259.99999046E-3,
,,,9.920000076,-280.00000119E-3,
,,,9.929999352,-259.99999046E-3,
,,,9.939999580,-299.99998212E-3,
,,,9.949999809,-259.99999046E-3,
,,,9.960000038,-299.99998212E-3,
,,,9.969999313,-239.99999464E-3,
,,,9.979999542,-340.00000358E-3,
,,,9.989999771,-219.99999881E-3,
,,,10.0000000,-340.00000358E-3,
,,,10.0100002,-219.99999881E-3,
,,,10.0199995,-340.00000358E-3,
,,,10.0299997,-219.99999881E-3,
,,,10.0400000,-319.99999285E-3,
,,,10.0500002,-239.99999464E-3,
,,,10.0599995,-299.99998212E-3,
,,,10.0699997,-259.99999046E-3,
,,,10.0799999,-319.99999285E-3,
,,,10.0900002,-259.99999046E-3,
,,,10.0999994,-319.99999285E-3,
,,,10.1099997,-259.99999046E-3,
,,,10.1199999,-280.00000119E-3,
,,,10.1300001,-299.99998212E-3,
,,,10.1399994,-259.99999046E-3,
,,,10.1499996,-299.99998212E-3,
,,,10.1599998,-259.99999046E-3,
,,,10.1700001,-319.99999285E-3,
,,,10.1799994,-239.99999464E-3,
,,,10.1899996,-319.99999285E-3,
,,,10.1999998,-239.99999464E-3,
,,,10.2100000,-299.99998212E-3,
,,,10.2199993,-239.99999464E-3,
,,,10.2299995,-319.99999285E-3,
,,,10.2399998,-239.99999464E-3,
,,,10.2500000,-319.99999285E-3,
,,,10.2600002,-259.99999046E-3,
,,,10.2699995,-299.99998212E-3,
,,,10.2799997,-259.99999046E-3,
,,,10.2900000,-280.00000119E-3,
,,,10.3000002,-299.99998212E-3,
,,,10.3099995,-259.99999046E-3,
,,,10.3199997,-299.99998212E-3,
,,,10.3299999,-239.99999464E-3,
,,,10.3400002,-319.99999285E-3,
,,,10.3499994,-219.99999881E-3,
,,,10.3599997,-340.00000358E-3,
,,,10.3699999,-239.99999464E-3,
,,,10.3800001,-340.00000358E-3,
,,,10.3899994,-239.99999464E-3,
,,,10.3999996,-340.00000358E-3,
,,,10.4099998,-239.99999464E-3,
,,,10.4200001,-319.99999285E-3,
,,,10.4299994,-259.99999046E-3,
,,,10.4399996,-299.99998212E-3,
,,,10.4499998,-280.00000119E-3,
,,,10.4600000,-280.00000119E-3,
,,,10.4699993,-280.00000119E-3,
,,,10.4799995,-259.99999046E-3,
,,,10.4899998,-319.99999285E-3,
,,,10.5000000,-259.99999046E-3,
,,,10.5100002,-299.99998212E-3,
,,,10.5199995,-239.99999464E-3,
,,,10.5299997,-340.00000358E-3,
,,,10.5400000,0.0,
,,,10.5500002,-359.99998450E-3,
,,,10.5599995,-239.99999464E-3,
,,,10.5699997,-319.99999285E-3,
,,,10.5799999,-239.99999464E-3,
,,,10.5900002,-319.99999285E-3,
,,,10.5999994,-259.99999046E-3,
,,,10.6099997,-319.99999285E-3,
,,,10.6199999,-259.99999046E-3,
,,,10.6300001,-280.00000119E-3,
,,,10.6399994,-280.00000119E-3,
,,,10.6499996,-280.00000119E-3,
,,,10.6599998,-319.99999285E-3,
,,,10.6700001,-259.99999046E-3,
,,,10.6799994,-239.99999464E-3,
,,,10.6899996,-239.99999464E-3,
,,,10.6999998,-379.99999523E-3,
,,,10.7100000,-239.99999464E-3,
,,,10.7199993,-340.00000358E-3,
,,,10.7299995,-239.99999464E-3,
,,,10.7399998,-319.99999285E-3,
,,,10.7500000,-259.99999046E-3,
,,,10.7600002,-319.99999285E-3,
,,,10.7699995,-280.00000119E-3,
,,,10.7799997,-299.99998212E-3,
,,,10.7900000,-299.99998212E-3,
,,,10.8000002,-280.00000119E-3,
,,,10.8099995,-319.99999285E-3,
,,,10.8199997,-259.99999046E-3,
,,,10.8299999,-79.999998212E-3,
,,,10.8400002,-259.99999046E-3,
,,,10.8499994,-319.99999285E-3,
,,,10.8599997,-299.99998212E-3,
,,,10.8699999,-359.99998450E-3,
,,,10.8800001,-259.99999046E-3,
,,,10.8899994,-340.00000358E-3,
,,,10.8999996,-259.99999046E-3,
,,,10.9099998,-340.00000358E-3,
,,,10.9200001,-280.00000119E-3,
,,,10.9299994,-299.99998212E-3,
,,,10.9399996,-280.00000119E-3,
,,,10.9499998,-299.99998212E-3,
,,,10.9600000,-259.99999046E-3,
,,,10.9699993,-219.99999881E-3,
,,,10.9799995,-299.99998212E-3,
,,,10.9899998,-280.00000119E-3,
,,,11.0000000,-319.99999285E-3,
,,,11.0100002,-280.00000119E-3,
,,,11.0199995,-319.99999285E-3,
,,,11.0299997,-280.00000119E-3,
,,,11.0400000,-340.00000358E-3,
,,,11.0500002,-259.99999046E-3,
,,,11.0599995,-319.99999285E-3,
,,,11.0699997,-259.99999046E-3,
,,,11.0799999,-359.99998450E-3,
,,,11.0900002,-239.99999464E-3,
,,,11.0999994,-379.99999523E-3,
,,,11.1099997,-319.99999285E-3,
,,,11.1199999,-359.99998450E-3,
,,,11.1300001,-259.99999046E-3,
,,,11.1399994,-340.00000358E-3,
,,,11.1499996,-259.99999046E-3,
,,,11.1599998,-340.00000358E-3,
,,,11.1700001,-280.00000119E-3,
,,,11.1799994,-319.99999285E-3,
,,,11.1899996,-280.00000119E-3,
,,,11.1999998,-319.99999285E-3,
,,,11.2100000,-299.99998212E-3,
,,,11.2199993,-299.99998212E-3,
,,,11.2299995,-219.99999881E-3,
,,,11.2399998,-280.00000119E-3,
,,,11.2500000,-319.99999285E-3,
,,,11.2599993,-299.99998212E-3,
,,,11.2699995,-299.99998212E-3,
,,,11.2799997,-299.99998212E-3,
,,,11.2900000,-299.99998212E-3,
,,,11.3000002,-299.99998212E-3,
,,,11.3099995,-319.99999285E-3,
,,,11.3199997,-280.00000119E-3,
,,,11.3299999,-259.99999046E-3,
,,,11.3400002,-280.00000119E-3,
,,,11.3499994,-340.00000358E-3,
,,,11.3599997,-259.99999046E-3,
,,,11.3699999,-359.99998450E-3,
,,,11.3800001,-259.99999046E-3,
,,,11.3899994,-359.99998450E-3,
,,,11.3999996,-259.99999046E-3,
,,,11.4099998,-359.99998450E-3,
,,,11.4200001,-239.99999464E-3,
,,,11.4299994,-359.99998450E-3,
,,,11.4399996,-259.99999046E-3,
,,,11.4499998,-359.99998450E-3,
,,,11.4600000,-280.00000119E-3,
,,,11.4699993,-340.00000358E-3,
,,,11.4799995,-280.00000119E-3,
,,,11.4899998,-340.00000358E-3,
,,,11.5000000,-299.99998212E-3,
,,,11.5099993,-299.99998212E-3,
,,,11.5199995,-319.99999285E-3,
,,,11.5299997,-299.99998212E-3,
,,,11.5400000,-359.99998450E-3,
,,,11.5500002,-319.99999285E-3,
,,,11.5599995,-340.00000358E-3,
,,,11.5699997,-280.00000119E-3,
,,,11.5799999,-359.99998450E-3,
,,,11.5900002,-259.99999046E-3,
,,,11.5999994,-359.99998450E-3,
,,,11.6099997,-259.99999046E-3,
,,,11.6199999,-359.99998450E-3,
,,,11.6300001,-259.99999046E-3,
,,,11.6399994,-99.999994040E-3,
,,,11.6499996,-280.00000119E-3,
,,,11.6599998,-359.99998450E-3,
,,,11.6700001,-299.99998212E-3,
,,,11.6799994,-319.99999285E-3,
,,,11.6899996,-299.99998212E-3,
,,,11.6999998,-299.99998212E-3,
,,,11.7100000,-319.99999285E-3,
,,,11.7199993,-280.00000119E-3,
,,,11.7299995,-340.00000358E-3,
,,,11.7399998,-299.99998212E-3,
,,,11.7500000,-359.99998450E-3,
,,,11.7599993,-259.99999046E-3,
,,,11.7699995,-399.99997616E-3,
,,,11.7799997,-259.99999046E-3,
,,,11.7900000,-359.99998450E-3,
,,,11.8000002,-259.99999046E-3,
,,,11.8099995,-359.99998450E-3,
,,,11.8199997,-280.00000119E-3,
,,,11.8299999,-359.99998450E-3,
,,,11.8400002,-299.99998212E-3,
,,,11.8499994,-299.99998212E-3,
,,,11.8599997,-299.99998212E-3,
,,,11.8699999,119.9999973E-3,
,,,11.8800001,-319.99999285E-3,
,,,11.8899994,-299.99998212E-3,
,,,11.8999996,-340.00000358E-3,
,,,11.9099998,-280.00000119E-3,
,,,11.9200001,-359.99998450E-3,
,,,11.9299994,-280.00000119E-3,
,,,11.9399996,-379.99999523E-3,
,,,11.9499998,-259.99999046E-3,
,,,11.9600000,-319.99999285E-3,
,,,11.9699993,-299.99998212E-3,
,,,11.9799995,-340.00000358E-3,
,,,11.9899998,-299.99998212E-3,
,,,12.0000000,-340.00000358E-3,
,,,12.0099993,-319.99999285E-3,
,,,12.0199995,-299.99998212E-3,
,,,12.0299997,-340.00000358E-3,
,,,12.0400000,-299.99998212E-3,
,,,12.0500002,-359.99998450E-3,
,,,12.0599995,-280.00000119E-3,
,,,12.0699997,-359.99998450E-3,
,,,12.0799999,-319.99999285E-3,
,,,12.0900002,-399.99997616E-3,
,,,12.0999994,-259.99999046E-3,
,,,12.1099997,-399.99997616E-3,
,,,12.1199999,-259.99999046E-3,
,,,12.1300001,-359.99998450E-3,
,,,12.1399994,-280.00000119E-3,
,,,12.1499996,-340.00000358E-3,
,,,12.1599998,-299.99998212E-3,
,,,12.1700001,-359.99998450E-3,
,,,12.1799994,-319.99999285E-3,
,,,12.1899996,-319.99999285E-3,
,,,12.1999998,-340.00000358E-3,
,,,12.2100000,-299.99998212E-3,
,,,12.2199993,-359.99998450E-3,
,,,12.2299995,-299.99998212E-3,
,,,12.2399998,-280.00000119E-3,
,,,12.2500000,-280.00000119E-3,
,,,12.2599993,-359.99998450E-3,
,,,12.2699995,-259.99999046E-3,
,,,12.2799997,-379.99999523E-3,
,,,12.2900000,-259.99999046E-3,
,,,12.3000002,-359.99998450E-3,
,,,12.3099995,-259.99999046E-3,
,,,12.3199997,-359.99998450E-3,
,,,12.3299999,-280.00000119E-3,
,,,12.3400002,-340.00000358E-3,
,,,12.3499994,-299.99998212E-3,
,,,12.3599997,-340.00000358E-3,
,,,12.3699999,-319.99999285E-3,
,,,12.3800001,-319.99999285E-3,
,,,12.3899994,-340.00000358E-3,
,,,12.3999996,-299.99998212E-3,
,,,12.4099998,-179.99999225E-3,
,,,12.4200001,-199.99998808E-3,
,,,12.4299994,-399.99997616E-3,
,,,12.4399996,-259.99999046E-3,
,,,12.4499998,-379.99999523E-3,
,,,12.4600000,-280.00000119E-3,
,,,12.4699993,-379.99999523E-3,
,,,12.4799995,-280.00000119E-3,
,,,12.4899998,99.999994040E-3,
,,,12.5000000,-299.99998212E-3,
,,,12.5099993,-319.99999285E-3,
,,,12.5199995,-319.99999285E-3,
,,,12.5299997,-319.99999285E-3,
,,,12.5400000,-359.99998450E-3,
,,,12.5500002,-299.99998212E-3,
,,,12.5599995,-379.99999523E-3,
,,,12.5699997,-280.00000119E-3,
,,,12.5799999,-379.99999523E-3,
,,,12.5900002,-280.00000119E-3,
,,,12.5999994,-379.99999523E-3,
,,,12.6099997,-299.99998212E-3,
,,,12.6199999,-359.99998450E-3,
,,,12.6300001,-280.00000119E-3,
,,,12.6399994,-340.00000358E-3,
,,,12.6499996,-319.99999285E-3,
,,,12.6599998,-340.00000358E-3,
,,,12.6700001,-319.99999285E-3,
,,,12.6799994,-319.99999285E-3,
,,,12.6899996,-340.00000358E-3,
,,,12.6999998,-299.99998212E-3,
,,,12.7100000,-379.99999523E-3,
,,,12.7199993,-280.00000119E-3,
,,,12.7299995,-399.99997616E-3,
,,,12.7399998,-280.00000119E-3,
,,,12.7500000,-359.99998450E-3,
,,,12.7599993,-280.00000119E-3,
,,,12.7699995,-359.99998450E-3,
,,,12.7799997,-299.99998212E-3,
,,,12.7900000,-359.99998450E-3,
,,,12.7999992,-340.00000358E-3,
,,,12.8099995,-340.00000358E-3,
,,,12.8199997,-340.00000358E-3,
,,,12.8299999,-319.99999285E-3,
,,,12.8400002,-259.99999046E-3,
,,,12.8499994,-259.99999046E-3,
,,,12.8599997,-399.99997616E-3,
,,,12.8699999,-280.00000119E-3,
,,,12.8800001,-379.99999523E-3,
,,,12.8899994,-280.00000119E-3,
,,,12.8999996,-359.99998450E-3,
,,,12.9099998,-299.99998212E-3,
,,,12.9200001,-479.999989271E-3,
,,,12.9299994,-319.99999285E-3,
,,,12.9399996,-340.00000358E-3,
,,,12.9499998,-340.00000358E-3,
,,,12.9600000,-340.00000358E-3,
,,,12.9699993,-379.99999523E-3,
,,,12.9799995,-319.99999285E-3,
,,,12.9899998,-379.99999523E-3,
,,,13.0000000,-299.99998212E-3,
,,,13.0099993,-399.99997616E-3,
,,,13.0199995,-259.99999046E-3,
,,,13.0299997,-439.999997616E-3,
,,,13.0400000,-319.99999285E-3,
,,,13.0499992,-399.99997616E-3,
,,,13.0599995,-299.99998212E-3,
,,,13.0699997,-359.99998450E-3,
,,,13.0799999,-299.99998212E-3,
,,,13.0900002,-340.00000358E-3,
,,,13.0999994,-340.00000358E-3,
,,,13.1099997,-319.99999285E-3,
,,,13.1199999,-359.99998450E-3,
,,,13.1300001,-319.99999285E-3,
,,,13.1399994,-359.99998450E-3,
,,,13.1499996,-299.99998212E-3,
,,,13.1599998,-399.99997616E-3,
,,,13.1700001,-280.00000119E-3,
,,,13.1799994,-379.99999523E-3,
,,,13.1899996,-280.00000119E-3,
,,,13.1999998,-399.99997616E-3,
,,,13.2100000,-299.99998212E-3,
,,,13.2199993,-359.99998450E-3,
,,,13.2299995,-340.00000358E-3,
,,,13.2399998,-319.99999285E-3,
,,,13.2500000,-399.99997616E-3,
,,,13.2599993,-359.99998450E-3,
,,,13.2699995,-359.99998450E-3,
,,,13.2799997,-280.00000119E-3,
,,,13.2900000,-399.99997616E-3,
,,,13.2999992,-259.99999046E-3,
,,,13.3099995,-399.99997616E-3,
,,,13.3199997,-299.99998212E-3,
,,,13.3299999,-359.99998450E-3,
,,,13.3400002,-299.99998212E-3,
,,,13.3499994,-359.99998450E-3,
,,,13.3599997,-299.99998212E-3,
,,,13.3699999,-359.99998450E-3,
,,,13.3800001,-340.00000358E-3,
,,,13.3899994,-319.99999285E-3,
,,,13.3999996,-359.99998450E-3,
,,,13.4099998,-319.99999285E-3,
,,,13.4200001,-359.99998450E-3,
,,,13.4299994,-319.99999285E-3,
,,,13.4399996,-399.99997616E-3,
,,,13.4499998,-299.99998212E-3,
,,,13.4600000,-399.99997616E-3,
,,,13.4699993,-299.99998212E-3,
,,,13.4799995,-379.99999523E-3,
,,,13.4899998,-299.99998212E-3,
,,,13.5000000,-379.99999523E-3,
,,,13.5099993,-299.99998212E-3,
,,,13.5199995,-359.99998450E-3,
,,,13.5299997,-239.99999464E-3,
,,,13.5400000,-340.00000358E-3,
,,,13.5499992,-379.99999523E-3,
,,,13.5599995,-299.99998212E-3,
,,,13.5699997,-379.99999523E-3,
,,,13.5799999,-299.99998212E-3,
,,,13.5900002,-399.99997616E-3,
,,,13.5999994,-280.00000119E-3,
,,,13.6099997,-419.999986887E-3,
,,,13.6199999,-280.00000119E-3,
,,,13.6300001,-399.99997616E-3,
,,,13.6399994,-299.99998212E-3,
,,,13.6499996,-379.99999523E-3,
,,,13.6599998,-319.99999285E-3,
,,,13.6700001,-359.99998450E-3,
,,,13.6799994,-319.99999285E-3,
,,,13.6899996,-379.99999523E-3,
,,,13.6999998,-319.99999285E-3,
,,,13.7100000,-359.99998450E-3,
,,,13.7199993,-340.00000358E-3,
,,,13.7299995,-340.00000358E-3,
,,,13.7399998,-379.99999523E-3,
,,,13.7500000,-379.99999523E-3,
,,,13.7599993,-359.99998450E-3,
,,,13.7699995,-319.99999285E-3,
,,,13.7799997,-379.99999523E-3,
,,,13.7900000,-299.99998212E-3,
,,,13.7999992,-359.99998450E-3,
,,,13.8099995,-280.00000119E-3,
,,,13.8199997,-399.99997616E-3,
,,,13.8299999,-319.99999285E-3,
,,,13.8400002,-399.99997616E-3,
,,,13.8499994,-299.99998212E-3,
,,,13.8599997,-379.99999523E-3,
,,,13.8699999,-299.99998212E-3,
,,,13.8800001,-379.99999523E-3,
,,,13.8899994,-319.99999285E-3,
,,,13.8999996,-379.99999523E-3,
,,,13.9099998,-319.99999285E-3,
,,,13.9200001,-359.99998450E-3,
,,,13.9299994,-359.99998450E-3,
,,,13.9399996,-319.99999285E-3,
,,,13.9499998,-359.99998450E-3,
,,,13.9600000,-319.99999285E-3,
,,,13.9699993,-399.99997616E-3,
,,,13.9799995,-280.00000119E-3,
,,,13.9899998,-399.99997616E-3,
,,,14.0000000,-299.99998212E-3,
,,,14.0099993,-419.999986887E-3,
,,,14.0199995,-280.00000119E-3,
,,,14.0299997,-439.999997616E-3,
,,,14.0400000,-299.99998212E-3,
,,,14.0499992,-399.99997616E-3,
,,,14.0599995,-319.99999285E-3,
,,,14.0699997,-359.99998450E-3,
,,,14.0799999,-319.99999285E-3,
,,,14.0900002,-419.999986887E-3,
,,,14.0999994,-359.99998450E-3,
,,,14.1099997,-359.99998450E-3,
,,,14.1199999,-359.99998450E-3,
,,,14.1300001,-359.99998450E-3,
,,,14.1399994,-319.99999285E-3,
,,,14.1499996,-199.99998808E-3,
,,,14.1599998,-379.99999523E-3,
,,,14.1700001,-280.00000119E-3,
,,,14.1799994,-419.999986887E-3,
,,,14.1899996,-299.99998212E-3,
,,,14.1999998,-399.99997616E-3,
,,,14.2100000,-319.99999285E-3,
,,,14.2199993,-359.99998450E-3,
,,,14.2299995,-340.00000358E-3,
,,,14.2399998,-340.00000358E-3,
,,,14.2500000,-359.99998450E-3,
,,,14.2599993,-299.99998212E-3,
,,,14.2699995,-379.99999523E-3,
,,,14.2799997,-299.99998212E-3,
,,,14.2900000,-399.99997616E-3,
,,,14.2999992,-280.00000119E-3,
,,,14.3099995,-419.999986887E-3,
,,,14.3199997,-319.99999285E-3,
,,,14.3299999,-399.99997616E-3,
,,,14.3400002,-299.99998212E-3,
,,,14.3499994,-379.99999523E-3,
,,,14.3599997,-319.99999285E-3,
,,,14.3699999,-340.00000358E-3,
,,,14.3800001,-340.00000358E-3,
,,,14.3899994,-340.00000358E-3,
,,,14.3999996,-359.99998450E-3,
,,,14.4099998,-319.99999285E-3,
,,,14.4200001,-379.99999523E-3,
,,,14.4299994,-299.99998212E-3,
,,,14.4399996,-399.99997616E-3,
,,,14.4499998,-299.99998212E-3,
,,,14.4600000,-379.99999523E-3,
,,,14.4699993,-319.99999285E-3,
,,,14.4799995,-359.99998450E-3,
,,,14.4899998,-359.99998450E-3,
,,,14.5000000,-340.00000358E-3,
,,,14.5099993,-359.99998450E-3,
,,,14.5199995,-319.99999285E-3,
,,,14.5299997,-399.99997616E-3,
,,,14.5400000,-280.00000119E-3,
,,,14.5499992,-399.99997616E-3,
,,,14.5599995,-280.00000119E-3,
,,,14.5699997,-899.999976158E-3,
,,,14.5799999,-299.99998212E-3,
,,,14.5899992,-379.99999523E-3,
,,,14.5999994,-299.99998212E-3,
,,,14.6099997,-359.99998450E-3,
,,,14.6199999,-319.99999285E-3,
,,,14.6300001,-340.00000358E-3,
,,,14.6399994,-319.99999285E-3,
,,,14.6499996,-359.99998450E-3,
,,,14.6599998,-359.99998450E-3,
,,,14.6700001,-319.99999285E-3,
,,,14.6799994,-379.99999523E-3,
,,,14.6899996,-319.99999285E-3,
,,,14.6999998,-379.99999523E-3,
,,,14.7100000,-299.99998212E-3,
,,,14.7199993,-399.99997616E-3,
,,,14.7299995,-280.00000119E-3,
,,,14.7399998,-399.99997616E-3,
,,,14.7500000,-299.99998212E-3,
,,,14.7599993,-399.99997616E-3,
,,,14.7699995,-319.99999285E-3,
,,,14.7799997,-359.99998450E-3,
,,,14.7900000,-319.99999285E-3,
,,,14.7999992,-359.99998450E-3,
,,,14.8099995,-319.99999285E-3,
,,,14.8199997,-359.99998450E-3,
,,,14.8299999,-359.99998450E-3,
,,,14.8399992,-340.00000358E-3,
,,,14.8499994,-359.99998450E-3,
,,,14.8599997,-319.99999285E-3,
,,,14.8699999,-399.99997616E-3,
,,,14.8800001,-259.99999046E-3,
,,,14.8899994,-399.99997616E-3,
,,,14.8999996,-280.00000119E-3,
,,,14.9099998,-419.999986887E-3,
,,,14.9200001,-259.99999046E-3,
,,,14.9299994,-399.99997616E-3,
,,,14.9399996,-299.99998212E-3,
,,,14.9499998,-379.99999523E-3,
,,,14.9600000,-319.99999285E-3,
,,,14.9699993,-359.99998450E-3,
,,,14.9799995,-299.99998212E-3,
,,,14.9899998,-99.999994040E-3,
,,,15.0000000,-340.00000358E-3,
,,,15.0099993,-340.00000358E-3,
,,,15.0199995,-359.99998450E-3,
,,,15.0299997,-319.99999285E-3,
,,,15.0400000,-359.99998450E-3,
,,,15.0499992,-319.99999285E-3,
,,,15.0599995,-379.99999523E-3,
,,,15.0699997,-299.99998212E-3,
,,,15.0799999,-399.99997616E-3,
,,,15.0899992,-299.99998212E-3,
,,,15.0999994,-379.99999523E-3,
,,,15.1099997,-299.99998212E-3,
,,,15.1199999,-359.99998450E-3,
,,,15.1300001,-340.00000358E-3,
,,,15.1399994,-359.99998450E-3,
,,,15.1499996,-439.999997616E-3,
,,,15.1599998,-340.00000358E-3,
,,,15.1700001,-359.99998450E-3,
,,,15.1799994,-319.99999285E-3,
,,,15.1899996,-359.99998450E-3,
,,,15.1999998,-319.99999285E-3,
,,,15.2100000,-599.999964237E-3,
,,,15.2199993,-359.99998450E-3,
,,,15.2299995,-399.99997616E-3,
,,,15.2399998,-299.99998212E-3,
,,,15.2500000,-419.999986887E-3,
,,,15.2599993,-280.00000119E-3,
,,,15.2699995,-399.99997616E-3,
,,,15.2799997,-239.99999464E-3,
,,,15.2900000,-399.99997616E-3,
,,,15.2999992,-299.99998212E-3,
,,,15.3099995,-359.99998450E-3,
,,,15.3199997,-319.99999285E-3,
,,,15.3299999,-379.99999523E-3,
,,,15.3399992,-340.00000358E-3,
,,,15.3499994,-359.99998450E-3,
,,,15.3599997,-340.00000358E-3,
,,,15.3699999,-340.00000358E-3,
,,,15.3800001,-359.99998450E-3,
,,,15.3899994,-319.99999285E-3,
,,,15.3999996,-379.99999523E-3,
,,,15.4099998,-319.99999285E-3,
,,,15.4200001,-419.999986887E-3,
,,,15.4299994,-280.00000119E-3,
,,,15.4399996,-359.99998450E-3,
,,,15.4499998,-299.99998212E-3,
,,,15.4600000,-379.99999523E-3,
,,,15.4699993,-299.99998212E-3,
,,,15.4799995,-359.99998450E-3,
,,,15.4899998,-340.00000358E-3,
,,,15.5000000,-340.00000358E-3,
,,,15.5099993,-319.99999285E-3,
,,,15.5199995,-319.99999285E-3,
,,,15.5299997,-379.99999523E-3,
,,,15.5400000,-299.99998212E-3,
,,,15.5499992,-399.99997616E-3,
,,,15.5599995,-280.00000119E-3,
,,,15.5699997,-399.99997616E-3,
,,,15.5799999,-299.99998212E-3,
,,,15.5899992,-379.99999523E-3,
,,,15.5999994,-299.99998212E-3,
,,,15.6099997,-379.99999523E-3,
,,,15.6199999,-299.99998212E-3,
,,,15.6300001,-359.99998450E-3,
,,,15.6399994,-359.99998450E-3,
,,,15.6499996,-319.99999285E-3,
,,,15.6599998,-359.99998450E-3,
,,,15.6700001,-319.99999285E-3,
,,,15.6799994,-379.99999523E-3,
,,,15.6899996,-259.99999046E-3,
,,,15.6999998,-379.99999523E-3,
,,,15.7100000,-299.99998212E-3,
,,,15.7199993,-500.000000000E-3,
,,,15.7299995,-299.99998212E-3,
,,,15.7399998,-399.99997616E-3,
,,,15.7500000,-299.99998212E-3,
,,,15.7599993,-379.99999523E-3,
,,,15.7699995,-299.99998212E-3,
,,,15.7799997,-379.99999523E-3,
,,,15.7900000,-359.99998450E-3,
,,,15.7999992,-359.99998450E-3,
,,,15.8099995,-299.99998212E-3,
,,,15.8199997,-359.99998450E-3,
,,,15.8299999,-340.00000358E-3,
,,,15.8399992,-340.00000358E-3,
,,,15.8499994,39.99999911E-3,
,,,15.8599997,-340.00000358E-3,
,,,15.8699999,-359.99998450E-3,
,,,15.8800001,-319.99999285E-3,
,,,15.8899994,-379.99999523E-3,
,,,15.8999996,-299.99998212E-3,
,,,15.9099998,-399.99997616E-3,
,,,15.9200001,-259.99999046E-3,
,,,15.9299994,-419.999986887E-3,
,,,15.9399996,-280.00000119E-3,
,,,15.9499998,-399.99997616E-3,
,,,15.9600000,-299.99998212E-3,
,,,15.9699993,-399.99997616E-3,
,,,15.9799995,-299.99998212E-3,
,,,15.9899998,-399.99997616E-3,
,,,16.0000000,-299.99998212E-3,
,,,16.0100002,-379.99999523E-3,
,,,16.0200005,-319.99999285E-3,
,,,16.0299988,-359.99998450E-3,
,,,16.0399990,-319.99999285E-3,
,,,16.0499992,-359.99998450E-3,
,,,16.0599995,-340.00000358E-3,
,,,16.0699997,-359.99998450E-3,
,,,16.0799999,-340.00000358E-3,
,,,16.0900002,-299.99998212E-3,
,,,16.1000004,-340.00000358E-3,
,,,16.1099987,-319.99999285E-3,
,,,16.1199989,-379.99999523E-3,
,,,16.1299992,-299.99998212E-3,
,,,16.1399994,-379.99999523E-3,
,,,16.1499996,-299.99998212E-3,
,,,16.1599998,-399.99997616E-3,
,,,16.1700001,-280.00000119E-3,
,,,16.1800003,-419.999986887E-3,
,,,16.1900005,-299.99998212E-3,
,,,16.1999989,-399.99997616E-3,
,,,16.2099991,-299.99998212E-3,
,,,16.2199993,-379.99999523E-3,
,,,16.2299995,-299.99998212E-3,
,,,16.2399998,-379.99999523E-3,
,,,16.2500000,-340.00000358E-3,
,,,16.2600002,-359.99998450E-3,
,,,16.2700005,-340.00000358E-3,
,,,16.2799988,-340.00000358E-3,
,,,16.2899990,-359.99998450E-3,
,,,16.2999992,-319.99999285E-3,
,,,16.3099995,-340.00000358E-3,
,,,16.3199997,-319.99999285E-3,
,,,16.3299999,-379.99999523E-3,
,,,16.3400002,-319.99999285E-3,
,,,16.3500004,-399.99997616E-3,
,,,16.3599987,-299.99998212E-3,
,,,16.3699989,-299.99998212E-3,
,,,16.3799992,-299.99998212E-3,
,,,16.3899994,-399.99997616E-3,
,,,16.3999996,-299.99998212E-3,
,,,16.4099998,-379.99999523E-3,
,,,16.4200001,-299.99998212E-3,
,,,16.4300003,-359.99998450E-3,
,,,16.4400005,-319.99999285E-3,
,,,16.4499989,-359.99998450E-3,
,,,16.4599991,-319.99999285E-3,
,,,16.4699993,-359.99998450E-3,
,,,16.4799995,-340.00000358E-3,
,,,16.4899998,-359.99998450E-3,
,,,16.5000000,-340.00000358E-3,
,,,16.5100002,-319.99999285E-3,
,,,16.5200005,-359.99998450E-3,
,,,16.5299988,-340.00000358E-3,
,,,16.5399990,-379.99999523E-3,
,,,16.5499992,-299.99998212E-3,
,,,16.5599995,-379.99999523E-3,
,,,16.5699997,-299.99998212E-3,
,,,16.5799999,-399.99997616E-3,
,,,16.5900002,-280.00000119E-3,
,,,16.6000004,-399.99997616E-3,
,,,16.6099987,-299.99998212E-3,
,,,16.6199989,-379.99999523E-3,
,,,16.6299992,-319.99999285E-3,
,,,16.6399994,-379.99999523E-3,
,,,16.6499996,-340.00000358E-3,
,,,16.6599998,-340.00000358E-3,
,,,16.6700001,-319.99999285E-3,
,,,16.6800003,-340.00000358E-3,
,,,16.6900005,-359.99998450E-3,
,,,16.6999989,-319.99999285E-3,
,,,16.7099991,-359.99998450E-3,
,,,16.7199993,-299.99998212E-3,
,,,16.7299995,-379.99999523E-3,
,,,16.7399998,-280.00000119E-3,
,,,16.7500000,-399.99997616E-3,
,,,16.7600002,-259.99999046E-3,
,,,16.7700005,-399.99997616E-3,
,,,16.7799988,-280.00000119E-3,
,,,16.7899990,-399.99997616E-3,
,,,16.7999992,-299.99998212E-3,
,,,16.8099995,-379.99999523E-3,
,,,16.8199997,-2.5400000,
,,,16.8299999,-2.5400000,
,,,16.8400002,-2.5400000,
,,,16.8500004,-2.5400000,
,,,16.8599987,-2.5400000,
,,,16.8699989,-2.5400000,
,,,16.8799992,-2.5400000,
,,,16.8899994,-2.5400000,
,,,16.8999996,-2.5400000,
,,,16.9099998,-2.5400000,
,,,16.9200001,-2.5400000,
,,,16.9300003,-2.5400000,
,,,16.9400005,-2.5400000,
,,,16.9499989,-2.5400000,
,,,16.9599991,-2.5400000,
,,,16.9699993,-2.5400000,
,,,16.9799995,-2.5400000,
,,,16.9899998,-2.5400000,
,,,17.0000000,-2.5400000,
,,,17.0100002,-2.5400000,
,,,17.0200005,-2.5400000,
,,,17.0299988,-2.5400000,
,,,17.0399990,-2.5400000,
,,,17.0499992,-2.5400000,
,,,17.0599995,-2.5400000,
,,,17.0699997,-2.5400000,
,,,17.0799999,-2.5400000,
,,,17.0900002,-2.5400000,
,,,17.1000004,-2.5400000,
,,,17.1099987,-2.5400000,
,,,17.1199989,-2.5400000,
,,,17.1299992,-2.5400000,
,,,17.1399994,-2.5400000,
,,,17.1499996,-2.5400000,
,,,17.1599998,-2.5400000,
,,,17.1700001,-2.5400000,
,,,17.1800003,-2.5400000,
,,,17.1900005,-2.5400000,
,,,17.1999989,-2.5400000,
,,,17.2099991,-2.5400000,
,,,17.2199993,-2.5400000,
,,,17.2299995,-2.5400000,
,,,17.2399998,-2.5400000,
,,,17.2500000,-2.5400000,
,,,17.2600002,-2.5400000,
,,,17.2700005,-2.5400000,
,,,17.2799988,-2.5400000,
,,,17.2899990,-2.5400000,
,,,17.2999992,-2.5400000,
,,,17.3099995,-2.5400000,
,,,17.3199997,-2.5400000,
,,,17.3299999,-2.5400000,
,,,17.3400002,-2.5400000,
,,,17.3500004,-2.5400000,
,,,17.3599987,-2.5400000,
,,,17.3699989,-2.5400000,
,,,17.3799992,-2.5400000,
,,,17.3899994,-2.5400000,
,,,17.3999996,-2.5400000,
,,,17.4099998,-2.5400000,
,,,17.4200001,-2.5400000,
,,,17.4300003,-2.5400000,
,,,17.4400005,-2.5400000,
,,,17.4499989,-2.5400000,
,,,17.4599991,-2.5400000,
,,,17.4699993,-2.5400000,
,,,17.4799995,-2.5400000,
,,,17.4899998,-2.5400000,
,,,17.5000000,-2.5400000,
,,,17.5100002,-2.5400000,
,,,17.5200005,-2.5400000,
,,,17.5299988,-2.5400000,
,,,17.5399990,-2.5400000,
,,,17.5499992,-2.5400000,
,,,17.5599995,-2.5400000,
,,,17.5699997,-2.5400000,
,,,17.5799999,-2.5400000,
,,,17.5900002,-2.5400000,
,,,17.6000004,-2.5400000,
,,,17.6099987,-2.5400000,
,,,17.6199989,-2.5400000,
,,,17.6299992,-2.5400000,
,,,17.6399994,-2.5400000,
,,,17.6499996,-2.5400000,
,,,17.6599998,-2.5400000,
,,,17.6700001,-2.5400000,
,,,17.6800003,-2.5400000,
,,,17.6900005,-2.5400000,
,,,17.6999989,-2.5400000,
,,,17.7099991,-2.5400000,
,,,17.7199993,-2.5400000,
,,,17.7299995,-2.5400000,
,,,17.7399998,-2.5400000,
,,,17.7500000,-2.5400000,
,,,17.7600002,-2.5400000,
,,,17.7700005,-2.5400000,
,,,17.7799988,-2.5400000,
,,,17.7899990,-2.5400000,
,,,17.7999992,-2.5400000,
,,,17.8099995,-2.5400000,
,,,17.8199997,-2.5400000,
,,,17.8299999,-2.5400000,
,,,17.8400002,-2.5400000,
,,,17.8500004,-2.5400000,
,,,17.8599987,-2.5400000,
,,,17.8699989,-2.5400000,
,,,17.8799992,-2.5400000,
,,,17.8899994,-2.5400000,
,,,17.8999996,-2.5400000,
,,,17.9099998,-2.5400000,
,,,17.9200001,-2.5400000,
,,,17.9300003,-2.5400000,
,,,17.9400005,-2.5400000,
,,,17.9499989,-2.5400000,
,,,17.9599991,-2.5400000,
,,,17.9699993,-2.5400000,
,,,17.9799995,-2.5400000,
,,,17.9899998,-2.5400000,
,,,18.0000000,-2.5400000,
,,,18.0100002,-2.5400000,
,,,18.0200005,-2.5400000,
,,,18.0299988,-2.5400000,
,,,18.0399990,-2.5400000,
,,,18.0499992,-2.5400000,
,,,18.0599995,-2.5400000,
,,,18.0699997,-2.5400000,
,,,18.0799999,-2.5400000,
,,,18.0900002,-2.5400000,
,,,18.1000004,-2.5400000,
,,,18.1099987,-2.5400000,
,,,18.1199989,-2.5400000,
,,,18.1299992,-2.5400000,
,,,18.1399994,-2.5400000,
,,,18.1499996,-2.5400000,
,,,18.1599998,-2.5400000,
,,,18.1700001,-2.5400000,
,,,18.1800003,-2.5400000,
,,,18.1900005,-2.5400000,
,,,18.1999989,-2.5400000,
,,,18.2099991,-2.5400000,
,,,18.2199993,-2.5400000,
,,,18.2299995,-2.5400000,
,,,18.2399998,-2.5400000,
,,,18.2500000,-2.5400000,
,,,18.2600002,-2.5400000,
,,,18.2700005,-2.5400000,
,,,18.2799988,-2.5400000,
,,,18.2899990,-2.5400000,
,,,18.2999992,-2.5400000,
,,,18.3099995,-2.5400000,
,,,18.3199997,-2.5400000,
,,,18.3299999,-2.5400000,
,,,18.3400002,-2.5400000,
,,,18.3500004,-2.5400000,
,,,18.3599987,-2.5400000,
,,,18.3699989,-2.5400000,
,,,18.3799992,-2.5400000,
,,,18.3899994,-2.5400000,
,,,18.3999996,-2.5400000,
,,,18.4099998,-2.5400000,
,,,18.4200001,-2.5400000,
,,,18.4300003,-2.5400000,
,,,18.4400005,-2.5400000,
,,,18.4499989,-2.5400000,
,,,18.4599991,-2.5400000,
,,,18.4699993,-2.5400000,
,,,18.4799995,-2.5400000,
,,,18.4899998,-2.5400000,
,,,18.5000000,-2.5400000,
,,,18.5100002,-2.5400000,
,,,18.5200005,-2.5400000,
,,,18.5299988,-2.5400000,
,,,18.5399990,-2.5400000,
,,,18.5499992,-2.5400000,
,,,18.5599995,-2.5400000,
,,,18.5699997,-2.5400000,
,,,18.5799999,-2.5400000,
,,,18.5900002,-2.5400000,
,,,18.6000004,-2.5400000,
,,,18.6099987,-2.5400000,
,,,18.6199989,-2.5400000,
,,,18.6299992,-2.5400000,
,,,18.6399994,-2.5400000,
,,,18.6499996,-2.5400000,
,,,18.6599998,-2.5400000,
,,,18.6700001,-2.5400000,
,,,18.6800003,-2.5400000,
,,,18.6900005,-2.5400000,
,,,18.6999989,-2.5400000,
,,,18.7099991,-2.5400000,
,,,18.7199993,-2.5400000,
,,,18.7299995,-2.5400000,
,,,18.7399998,-2.5400000,
,,,18.7500000,-2.5400000,
,,,18.7600002,-2.5400000,
,,,18.7700005,-2.5400000,
,,,18.7799988,-2.5400000,
,,,18.7899990,-2.5400000,
,,,18.7999992,-2.5400000,
,,,18.8099995,-2.5400000,
,,,18.8199997,-2.5400000,
,,,18.8299999,-2.5400000,
,,,18.8400002,-2.5400000,
,,,18.8500004,-2.5400000,
,,,18.8599987,-2.5400000,
,,,18.8699989,-2.5400000,
,,,18.8799992,-2.5400000,
,,,18.8899994,-2.5400000,
,,,18.8999996,-2.5400000,
,,,18.9099998,-2.5400000,
,,,18.9200001,-2.5400000,
,,,18.9300003,-2.5400000,
,,,18.9399986,-2.5400000,
,,,18.9499989,-2.5400000,
,,,18.9599991,-2.5400000,
,,,18.9699993,-2.5400000,
,,,18.9799995,-2.5400000,
,,,18.9899998,-2.5400000,
,,,19.0000000,-2.5400000,
,,,19.0100002,-2.5400000,
,,,19.0200005,-2.5400000,
,,,19.0299988,-2.5400000,
,,,19.0399990,-2.5400000,
,,,19.0499992,-2.5400000,
,,,19.0599995,-2.5400000,
,,,19.0699997,-2.5400000,
,,,19.0799999,-2.5400000,
,,,19.0900002,-2.5400000,
,,,19.1000004,-2.5400000,
,,,19.1099987,-2.5400000,
,,,19.1199989,-2.5400000,
,,,19.1299992,-2.5400000,
,,,19.1399994,-2.5400000,
,,,19.1499996,-2.5400000,
,,,19.1599998,-2.5400000,
,,,19.1700001,-2.5400000,
,,,19.1800003,-2.5400000,
,,,19.1899986,-2.5400000,
,,,19.1999989,-2.5400000,
,,,19.2099991,-2.5400000,
,,,19.2199993,-2.5400000,
,,,19.2299995,-2.5400000,
,,,19.2399998,-2.5400000,
,,,19.2500000,-2.5400000,
,,,19.2600002,-2.5400000,
,,,19.2700005,-2.5400000,
,,,19.2799988,-2.5400000,
,,,19.2899990,-2.5400000,
,,,19.2999992,-2.5400000,
,,,19.3099995,-2.5400000,
,,,19.3199997,-2.5400000,
,,,19.3299999,-2.5400000,
,,,19.3400002,-2.5400000,
,,,19.3500004,-2.5400000,
,,,19.3599987,-2.5400000,
,,,19.3699989,-2.5400000,
,,,19.3799992,-2.5400000,
,,,19.3899994,-2.5400000,
,,,19.3999996,-2.5400000,
,,,19.4099998,-2.5400000,
,,,19.4200001,-2.5400000,
,,,19.4300003,-2.5400000,
,,,19.4399986,-2.5400000,
,,,19.4499989,-2.5400000,
,,,19.4599991,-2.5400000,
,,,19.4699993,-2.5400000,
,,,19.4799995,-2.5400000,
,,,19.4899998,-2.5400000,
,,,19.5000000,-2.5400000,
,,,19.5100002,-2.5400000,
,,,19.5200005,-2.5400000,
,,,19.5299988,-2.5400000,
,,,19.5399990,-2.5400000,
,,,19.5499992,-2.5400000,
,,,19.5599995,-2.5400000,
,,,19.5699997,-2.5400000,
,,,19.5799999,-2.5400000,
,,,19.5900002,-2.5400000,
,,,19.6000004,-2.5400000,
,,,19.6099987,-2.5400000,
,,,19.6199989,-2.5400000,
,,,19.6299992,-2.5400000,
,,,19.6399994,-2.5400000,
,,,19.6499996,-2.5400000,
,,,19.6599998,-2.5400000,
,,,19.6700001,-2.5400000,
,,,19.6800003,-2.5400000,
,,,19.6899986,-2.5400000,
,,,19.6999989,-2.5400000,
,,,19.7099991,-2.5400000,
,,,19.7199993,-2.5400000,
,,,19.7299995,-2.5400000,
,,,19.7399998,-2.5400000,
,,,19.7500000,-2.5400000,
,,,19.7600002,-2.5400000,
,,,19.7700005,-2.5400000,
,,,19.7799988,-2.5400000,
,,,19.7899990,-2.5400000,
,,,19.7999992,-2.5400000,
,,,19.8099995,-2.5400000,
,,,19.8199997,-2.5400000,
,,,19.8299999,-2.5400000,
,,,19.8400002,-2.5400000,
,,,19.8500004,-2.5400000,
,,,19.8599987,-2.5400000,
,,,19.8699989,-2.5400000,
,,,19.8799992,-2.5400000,
,,,19.8899994,-2.5400000,
,,,19.8999996,-2.5400000,
,,,19.9099998,-2.5400000,
,,,19.9200001,-2.5400000,
,,,19.9300003,-2.5400000,
,,,19.9399986,-2.5400000,
,,,19.9499989,-2.5400000,
,,,19.9599991,-2.5400000,
,,,19.9699993,-2.5400000,
,,,19.9799995,-2.5400000,
,,,19.9899998,-2.5400000,
,,,20.0000000,-2.5400000,
,,,20.0100002,-2.5400000,
,,,20.0200005,-2.5400000,
,,,20.0299988,-2.5400000,
,,,20.0399990,-2.5400000,
,,,20.0499992,-2.5400000,
,,,20.0599995,-2.5400000,
,,,20.0699997,-2.5400000,
,,,20.0799999,-2.5400000,
,,,20.09000015,-2.5400000,
,,,20.10000038,-2.5400000,
,,,20.10999870,-2.5400000,
,,,20.11999893,-2.5400000,
,,,20.12999916,-2.5400000,
,,,20.13999939,-2.5400000,
,,,20.14999962,-2.5400000,
,,,20.15999985,-2.5400000,
,,,20.17000008,-2.5400000,
,,,20.18000031,-2.5400000,
,,,20.18999863,-2.5400000,
,,,20.19999886,-2.5400000,
,,,20.20999908,-2.5400000,
,,,20.21999931,-2.5400000,
,,,20.22999954,-2.5400000,
,,,20.23999977,-2.5400000,
,,,20.25000000,-2.5400000,
,,,20.26000023,-2.5400000,
,,,20.27000046,-2.5400000,
,,,20.27999878,-2.5400000,
,,,20.28999901,-2.5400000,
,,,20.29999924,-2.5400000,
,,,20.30999947,-2.5400000,
,,,20.31999969,-2.5400000,
,,,20.32999992,-2.5400000,
,,,20.34000015,-2.5400000,
,,,20.35000038,-2.5400000,
,,,20.35999870,-2.5400000,
,,,20.36999893,-2.5400000,
,,,20.37999916,-2.5400000,
,,,20.38999939,-2.5400000,
,,,20.39999962,-2.5400000,
,,,20.40999985,-2.5400000,
,,,20.42000008,-2.5400000,
,,,20.43000031,-2.5400000,
,,,20.43999863,-2.5400000,
,,,20.44999886,-2.5400000,
,,,20.45999908,-2.5400000,
,,,20.46999931,-2.5400000,
,,,20.47999954,-2.5400000,
,,,20.48999977,-2.5400000,
,,,20.50000000,-2.5400000,
,,,20.51000023,-2.5400000,
,,,20.52000046,-2.5400000,
,,,20.52999878,-2.5400000,
,,,20.53999901,-2.5400000,
,,,20.54999924,-2.5400000,
,,,20.55999947,-2.5400000,
,,,20.56999969,-2.5400000,
,,,20.57999992,-2.5400000,
,,,20.59000015,-2.5400000,
,,,20.60000038,-2.5400000,
,,,20.60999870,-2.5400000,
,,,20.61999893,-2.5400000,
,,,20.62999916,-2.5400000,
,,,20.63999939,-2.5400000,
,,,20.64999962,-2.5400000,
,,,20.65999985,-2.5400000,
,,,20.67000008,-2.5400000,
,,,20.68000031,-2.5400000,
,,,20.68999863,-2.5400000,
,,,20.69999886,-2.5400000,
,,,20.70999908,-2.5400000,
,,,20.71999931,-2.5400000,
,,,20.72999954,-2.5400000,
,,,20.73999977,-2.5400000,
,,,20.75000000,-2.5400000,
,,,20.76000023,-2.5400000,
,,,20.77000046,-2.5400000,
,,,20.77999878,-2.5400000,
,,,20.78999901,-2.5400000,
,,,20.79999924,-2.5400000,
,,,20.80999947,-2.5400000,
,,,20.81999969,-2.5400000,
,,,20.82999992,-2.5400000,
,,,20.84000015,-2.5400000,
,,,20.85000038,-2.5400000,
,,,20.85999870,-2.5400000,
,,,20.86999893,-2.5400000,
,,,20.87999916,-2.5400000,
,,,20.88999939,-2.5400000,
,,,20.89999962,-2.5400000,
,,,20.90999985,-2.5400000,
,,,20.92000008,-2.5400000,
,,,20.93000031,-2.5400000,
,,,20.93999863,-2.5400000,
,,,20.94999886,-2.5400000,
,,,20.95999908,-2.5400000,
,,,20.96999931,-2.5400000,
,,,20.97999954,-2.5400000,
,,,20.98999977,-2.5400000,
,,,21.00000000,-2.5400000,
,,,21.01000023,-2.5400000,
,,,21.02000046,-2.5400000,
,,,21.02999878,-2.5400000,
,,,21.03999901,-2.5400000,
,,,21.04999924,-2.5400000,
,,,21.05999947,-2.5400000,
,,,21.06999969,-2.5400000,
,,,21.07999992,-2.5400000,
,,,21.09000015,-2.5400000,
,,,21.10000038,-2.5400000,
,,,21.10999870,-2.5400000,
,,,21.11999893,-2.5400000,
,,,21.12999916,-2.5400000,
,,,21.13999939,-2.5400000,
,,,21.14999962,-2.5400000,
,,,21.15999985,-2.5400000,
,,,21.17000008,-2.5400000,
,,,21.18000031,-2.5400000,
,,,21.18999863,-2.5400000,
,,,21.19999886,-2.5400000,
,,,21.20999908,-2.5400000,
,,,21.21999931,-2.5400000,
,,,21.22999954,-2.5400000,
,,,21.23999977,-2.5400000,
,,,21.25000000,-2.5400000,
,,,21.26000023,-2.5400000,
,,,21.27000046,-2.5400000,
,,,21.27999878,-2.5400000,
,,,21.28999901,-2.5400000,
,,,21.29999924,-2.5400000,
,,,21.30999947,-2.5400000,
,,,21.31999969,-2.5400000,
,,,21.32999992,-2.5400000,
,,,21.34000015,-2.5400000,
,,,21.35000038,-2.5400000,
,,,21.35999870,-2.5400000,
,,,21.36999893,-2.5400000,
,,,21.37999916,-2.5400000,
,,,21.38999939,-2.5400000,
,,,21.39999962,-2.5400000,
,,,21.40999985,-2.5400000,
,,,21.42000008,-2.5400000,
,,,21.43000031,-2.5400000,
,,,21.43999863,-2.5400000,
,,,21.44999886,-2.5400000,
,,,21.45999908,-2.5400000,
,,,21.46999931,-2.5400000,
,,,21.47999954,-2.5400000,
,,,21.48999977,-2.5400000,
,,,21.50000000,-2.5400000,
,,,21.51000023,-2.5400000,
,,,21.52000046,-2.5400000,
,,,21.52999878,-2.5400000,
,,,21.53999901,-2.5400000,
,,,21.54999924,-2.5400000,
,,,21.55999947,-2.5400000,
,,,21.56999969,-2.5400000,
,,,21.57999992,-2.5400000,
,,,21.59000015,-2.5400000,
,,,21.60000038,-2.5400000,
,,,21.60999870,-2.5400000,
,,,21.61999893,-2.5400000,
,,,21.62999916,-2.5400000,
,,,21.63999939,-2.5400000,
,,,21.64999962,-2.5400000,
,,,21.65999985,-2.5400000,
,,,21.67000008,-2.5400000,
,,,21.68000031,-2.5400000,
,,,21.68999863,-2.5400000,
,,,21.69999886,-2.5400000,
,,,21.70999908,-2.5400000,
,,,21.71999931,-2.5400000,
,,,21.72999954,-2.5400000,
,,,21.73999977,-2.5400000,
,,,21.75000000,-2.5400000,
,,,21.76000023,-2.5400000,
,,,21.77000046,-2.5400000,
,,,21.77999878,-2.5400000,
,,,21.78999901,-2.5400000,
,,,21.79999924,-2.5400000,
,,,21.80999947,-2.5400000,
,,,21.81999969,-2.5400000,
,,,21.82999992,-2.5400000,
,,,21.84000015,-2.5400000,
,,,21.85000038,-2.5400000,
,,,21.85999870,-2.5400000,
,,,21.86999893,-2.5400000,
,,,21.87999916,-2.5400000,
,,,21.88999939,-2.5400000,
,,,21.89999962,-2.5400000,
,,,21.90999985,-2.5400000,
,,,21.92000008,-2.5400000,
,,,21.93000031,-2.5400000,
,,,21.93999863,-2.5400000,
,,,21.94999886,-2.5400000,
,,,21.95999908,-2.5400000,
,,,21.96999931,-2.5400000,
,,,21.97999954,-2.5400000,
,,,21.98999977,-2.5400000,
,,,22.00000000,-2.5400000,
,,,22.01000023,-2.5400000,
,,,22.02000046,-2.5400000,
,,,22.02999878,-2.5400000,
,,,22.03999901,-2.5400000,
,,,22.04999924,-2.5400000,
,,,22.05999947,-2.5400000,
,,,22.06999969,-2.5400000,
,,,22.07999992,-2.5400000,
,,,22.09000015,-2.5400000,
,,,22.10000038,-2.5400000,
,,,22.10999870,-2.5400000,
,,,22.11999893,-2.5400000,
,,,22.12999916,-2.5400000,
,,,22.13999939,-2.5400000,
,,,22.14999962,-2.5400000,
,,,22.15999985,-2.5400000,
,,,22.17000008,-2.5400000,
,,,22.18000031,-2.5400000,
,,,22.18999863,-2.5400000,
,,,22.19999886,-2.5400000,
,,,22.20999908,-2.5400000,
,,,22.21999931,-2.5400000,
,,,22.22999954,-2.5400000,
,,,22.23999977,-2.5400000,
,,,22.25000000,-2.5400000,
,,,22.26000023,-2.5400000,
,,,22.26999855,-2.5400000,
,,,22.27999878,-2.5400000,
,,,22.28999901,-2.5400000,
,,,22.29999924,-2.5400000,
,,,22.30999947,-2.5400000,
,,,22.31999969,-2.5400000,
,,,22.32999992,-2.5400000,
,,,22.34000015,-2.5400000,
,,,22.35000038,-2.5400000,
,,,22.35999870,-2.5400000,
,,,22.36999893,-2.5400000,
,,,22.37999916,-2.5400000,
,,,22.38999939,-2.5400000,
,,,22.39999962,-2.5400000,
,,,22.40999985,-2.5400000,
,,,22.42000008,-2.5400000,
,,,22.43000031,-2.5400000,
,,,22.43999863,-2.5400000,
,,,22.44999886,-2.5400000,
,,,22.45999908,-2.5400000,
,,,22.46999931,-2.5400000,
,,,22.47999954,-2.5400000,
,,,22.48999977,-2.5400000,
,,,22.50000000,-2.5400000,
,,,22.51000023,-2.5400000,
,,,22.51999855,-2.5400000,
,,,22.52999878,-2.5400000,
,,,22.53999901,-2.5400000,
,,,22.54999924,-2.5400000,
,,,22.55999947,-2.5400000,
,,,22.56999969,-2.5400000,
,,,22.57999992,-2.5400000,
,,,22.59000015,-2.5400000,
,,,22.60000038,-2.5400000,
,,,22.60999870,-2.5400000,
,,,22.61999893,-2.5400000,
,,,22.62999916,-2.5400000,
,,,22.63999939,-2.5400000,
,,,22.64999962,-2.5400000,
,,,22.65999985,-2.5400000,
,,,22.67000008,-2.5400000,
,,,22.68000031,-2.5400000,
,,,22.68999863,-2.5400000,
,,,22.69999886,-2.5400000,
,,,22.70999908,-2.5400000,
,,,22.71999931,-2.5400000,
,,,22.72999954,-2.5400000,
,,,22.73999977,-2.5400000,
,,,22.75000000,-2.5400000,
,,,22.76000023,-2.5400000,
,,,22.76999855,-2.5400000,
,,,22.77999878,-2.5400000,
,,,22.78999901,-2.5400000,
,,,22.79999924,-2.5400000,
,,,22.80999947,-2.5400000,
,,,22.81999969,-2.5400000,
,,,22.82999992,-2.5400000,
,,,22.84000015,-2.5400000,
,,,22.85000038,-2.5400000,
,,,22.85999870,-2.5400000,
,,,22.86999893,-2.5400000,
,,,22.87999916,-2.5400000,
,,,22.88999939,-2.5400000,
,,,22.89999962,-2.5400000,
,,,22.90999985,-2.5400000,
,,,22.92000008,-2.5400000,
,,,22.93000031,-2.5400000,
,,,22.93999863,-2.5400000,
,,,22.94999886,-2.5400000,
,,,22.95999908,-2.5400000,
,,,22.96999931,-2.5400000,
,,,22.97999954,-2.5400000,
,,,22.98999977,-2.5400000,
,,,23.00000000,-2.5400000,
,,,23.01000023,-2.5400000,
,,,23.01999855,-2.5400000,
,,,23.02999878,-2.5400000,
,,,23.03999901,-2.5400000,
,,,23.04999924,-2.5400000,
,,,23.05999947,-2.5400000,
,,,23.06999969,-2.5400000,
,,,23.07999992,-2.5400000,
,,,23.09000015,-2.5400000,
,,,23.10000038,-2.5400000,
,,,23.10999870,-2.5400000,
,,,23.11999893,-2.5400000,
,,,23.12999916,-2.5400000,
,,,23.13999939,-2.5400000,
,,,23.14999962,-2.5400000,
,,,23.15999985,-2.5400000,
,,,23.17000008,-2.5400000,
,,,23.18000031,-2.5400000,
,,,23.18999863,-2.5400000,
,,,23.19999886,-2.5400000,
,,,23.20999908,-2.5400000,
,,,23.21999931,-2.5400000,
,,,23.22999954,-2.5400000,
,,,23.23999977,-2.5400000,
,,,23.25000000,-2.5400000,
,,,23.26000023,-2.5400000,
,,,23.26999855,-2.5400000,
,,,23.27999878,-2.5400000,
,,,23.28999901,-2.5400000,
,,,23.29999924,-2.5400000,
,,,23.30999947,-2.5400000,
,,,23.31999969,-2.5400000,
,,,23.32999992,-2.5400000,
,,,23.34000015,-2.5400000,
,,,23.35000038,-2.5400000,
,,,23.35999870,-2.5400000,
,,,23.36999893,-2.5400000,
,,,23.37999916,-2.5400000,
,,,23.38999939,-2.5400000,
,,,23.39999962,-2.5400000,
,,,23.40999985,-2.5400000,
,,,23.42000008,-2.5400000,
,,,23.43000031,-2.5400000,
,,,23.43999863,-2.5400000,
,,,23.44999886,-2.5400000,
,,,23.45999908,-2.5400000,
,,,23.46999931,-2.5400000,
,,,23.47999954,-2.5400000,
,,,23.48999977,-2.5400000,
,,,23.50000000,-2.5400000,
,,,23.51000023,-2.5400000,
,,,23.51999855,-2.5400000,
,,,23.52999878,-2.5400000,
,,,23.53999901,-2.5400000,
,,,23.54999924,-2.5400000,
,,,23.55999947,-2.5400000,
,,,23.56999969,-2.5400000,
,,,23.57999992,-2.5400000,
,,,23.59000015,-2.5400000,
,,,23.60000038,-2.5400000,
,,,23.60999870,-2.5400000,
,,,23.61999893,-2.5400000,
,,,23.62999916,-2.5400000,
,,,23.63999939,-2.5400000,
,,,23.64999962,-2.5400000,
,,,23.65999985,-2.5400000,
,,,23.67000008,-2.5400000,
,,,23.68000031,-2.5400000,
,,,23.68999863,-2.5400000,
,,,23.69999886,-2.5400000,
,,,23.70999908,-2.5400000,
,,,23.71999931,-2.5400000,
,,,23.72999954,-2.5400000,
,,,23.73999977,-2.5400000,
,,,23.75000000,-2.5400000,
,,,23.76000023,-2.5400000,
,,,23.76999855,-2.5400000,
,,,23.77999878,-2.5400000,
,,,23.78999901,-2.5400000,
,,,23.79999924,-2.5400000,
,,,23.80999947,-2.5400000,
,,,23.81999969,-2.5400000,
,,,23.82999992,-2.5400000,
,,,23.84000015,-2.5400000,
,,,23.85000038,-2.5400000,
,,,23.85999870,-2.5400000,
,,,23.86999893,-2.5400000,
,,,23.87999916,-2.5400000,
,,,23.88999939,-2.5400000,
,,,23.89999962,-2.5400000,
,,,23.90999985,-2.5400000,
,,,23.92000008,-2.5400000,
,,,23.93000031,-2.5400000,
,,,23.93999863,-2.5400000,
,,,23.94999886,-2.5400000,
,,,23.95999908,-2.5400000,
,,,23.96999931,-2.5400000,
,,,23.97999954,-2.5400000,
,,,23.98999977,-2.5400000,
,,,24.00000000,-2.5400000,
,,,24.01000023,-2.5400000,
,,,24.01999855,-2.5400000,
,,,24.02999878,-2.5400000,
,,,24.03999901,-2.5400000,
,,,24.04999924,-2.5400000,
,,,24.05999947,-2.5400000,
,,,24.06999969,-2.5400000,
,,,24.07999992,-2.5400000,
,,,24.09000015,-2.5400000,
,,,24.10000038,-2.5400000,
,,,24.10999870,-2.5400000,
,,,24.11999893,-2.5400000,
,,,24.12999916,-2.5400000,
,,,24.13999939,-2.5400000,
,,,24.14999962,-2.5400000,
,,,24.15999985,-2.5400000,
,,,24.17000008,-2.5400000,
,,,24.18000031,-2.5400000,
,,,24.18999863,-2.5400000,
,,,24.19999886,-2.5400000,
,,,24.20999908,-2.5400000,
,,,24.21999931,-2.5400000,
,,,24.22999954,-2.5400000,
,,,24.23999977,-2.5400000,
,,,24.25000000,-2.5400000,
,,,24.26000023,-2.5400000,
,,,24.26999855,-2.5400000,
,,,24.27999878,-2.5400000,
,,,24.28999901,-2.5400000,
,,,24.29999924,-2.5400000,
,,,24.30999947,-2.5400000,
,,,24.31999969,-2.5400000,
,,,24.32999992,-2.5400000,
,,,24.34000015,-2.5400000,
,,,24.35000038,-2.5400000,
,,,24.35999870,-2.5400000,
,,,24.36999893,-2.5400000,
,,,24.37999916,-2.5400000,
,,,24.38999939,-2.5400000,
,,,24.39999962,-2.5400000,
,,,24.40999985,-2.5400000,
,,,24.42000008,-2.5400000,
,,,24.43000031,-2.5400000,
,,,24.43999863,-2.5400000,
,,,24.44999886,-2.5400000,
,,,24.45999908,-2.5400000,
,,,24.46999931,-2.5400000,
,,,24.47999954,-2.5400000,
,,,24.48999977,-2.5400000,
,,,24.50000000,-2.5400000,
,,,24.51000023,-2.5400000,
,,,24.51999855,-2.5400000,
,,,24.52999878,-2.5400000,
,,,24.53999901,-2.5400000,
,,,24.54999924,-2.5400000,
,,,24.55999947,-2.5400000,
,,,24.56999969,-2.5400000,
,,,24.57999992,-2.5400000,
,,,24.59000015,-2.5400000,
,,,24.60000038,-2.5400000,
,,,24.60999870,-2.5400000,
,,,24.61999893,-2.5400000,
,,,24.62999916,-2.5400000,
,,,24.63999939,-2.5400000,
,,,24.64999962,-2.5400000,
,,,24.65999985,-2.5400000,
,,,24.67000008,-2.5400000,
,,,24.68000031,-2.5400000,
,,,24.68999863,-2.5400000,
,,,24.69999886,-2.5400000,
,,,24.70999908,-2.5400000,
,,,24.71999931,-2.5400000,
,,,24.72999954,-2.5400000,
,,,24.73999977,-2.5400000,
,,,24.75000000,-2.5400000,
,,,24.76000023,-2.5400000,
,,,24.76999855,-2.5400000,
,,,24.77999878,-2.5400000,
,,,24.78999901,-2.5400000,
,,,24.79999924,-2.5400000,
,,,24.80999947,-2.5400000,
,,,24.81999969,-2.5400000,
,,,24.82999992,-2.5400000,
,,,24.84000015,-2.5400000,
,,,24.85000038,-2.5400000,
,,,24.85999870,-2.5400000,
,,,24.86999893,-2.5400000,
,,,24.87999916,-2.5400000,
,,,24.88999939,-2.5400000,
,,,24.89999962,-2.5400000,
,,,24.90999985,-2.5400000,
,,,24.92000008,-2.5400000,
,,,24.93000031,-2.5400000,
,,,24.93999863,-2.5400000,
,,,24.94999886,-2.5400000,
,,,24.95999908,-2.5400000,
,,,24.96999931,-2.5400000,
,,,24.97999954,-2.5400000,
,,,24.98999977,-2.5400000,
