Record Length,2500,Points,0.0,59.999998659E-3,
Sample Interval,39.99999911E-3,s,39.99999911E-3,39.99999911E-3,
Trigger Point,0.0,Samples,79.999998212E-3,-19.9999996E-3,
,,,119.9999973E-3,-39.99999911E-3,
,,,159.99999642E-3,0.0,
,,,199.99998808E-3,59.999998659E-3,
Source,CH1,,239.99999464E-3,59.999998659E-3,
Vertical Units,Volts,,280.00000119E-3,39.99999911E-3,
Vertical Scale,499.999988824E-3,,319.99999285E-3,0.0,
Vertical Offset,0,,359.99998450E-3,-59.999998659E-3,
Horizontal Units,s,,399.99997616E-3,159.99999642E-3,
Horizontal Scale,9.999999776,,439.999997616E-3,19.9999996E-3,
Pt Fmt,Y,,479.999989271E-3,59.999998659E-3,
Yzero,-40.00000000E-3,,519.999980927E-3,39.99999911E-3,
Probe Atten,1.000000,,560.000002384E-3,-39.99999911E-3,
,,,599.999964237E-3,-39.99999911E-3,
Note,TBS 1052B-EDU - 5:36:15 PM   6/14/2023,,639.999985695E-3,19.9999996E-3,
,,,680.000007153E-3,59.999998659E-3,
,,,719.999969006E-3,-199.99998808E-3,
,,,759.999990463E-3,-19.9999996E-3,
,,,799.999952316E-3,-39.99999911E-3,
,,,839.999973774E-3,19.9999996E-3,
,,,879.999995232E-3,59.999998659E-3,
,,,919.999957085E-3,0.0,
,,,959.999978542E-3,0.0,
,,,1.000000,-59.999998659E-3,
,,,1.0400000,-19.9999996E-3,
,,,1.0799999,19.9999996E-3,
,,,1.1200000,59.999998659E-3,
,,,1.1600000,19.9999996E-3,
,,,1.1999999,-39.99999911E-3,
,,,1.2400000,-39.99999911E-3,
,,,1.2800000,0.0,
,,,1.3199999,19.9999996E-3,
,,,1.3600000,59.999998659E-3,
,,,1.4000000,59.999998659E-3,
,,,1.4399999,19.9999996E-3,
,,,1.4800000,-19.9999996E-3,
,,,1.5200000,-39.99999911E-3,
,,,1.5599999,99.999994040E-3,
,,,1.5999999,239.99999464E-3,
,,,1.6400000,19.9999996E-3,
,,,1.6799999,-39.99999911E-3,
,,,1.7199999,-19.9999996E-3,
,,,1.7600000,19.9999996E-3,
,,,1.8000000,59.999998659E-3,
,,,1.8399999,19.9999996E-3,
,,,1.8800000,-19.9999996E-3,
,,,1.9200000,-39.99999911E-3,
,,,1.9599999,0.0,
,,,2.0000000,39.99999911E-3,
,,,2.0400000,39.99999911E-3,
,,,2.0799999,19.9999996E-3,
,,,2.1199999,-179.99999225E-3,
,,,2.1599998,-59.999998659E-3,
,,,2.2000000,0.0,
,,,2.2400000,39.99999911E-3,
,,,2.2800000,59.999998659E-3,
,,,2.3199999,459.999978542E-3,
,,,2.3599999,0.0,
,,,2.3999999,-39.99999911E-3,
,,,2.4400001,-39.99999911E-3,
,,,2.4800000,19.9999996E-3,
,,,2.5200000,-19.9999996E-3,
,,,2.5599999,59.999998659E-3,
,,,2.5999999,0.0,
,,,2.6399999,-39.99999911E-3,
,,,2.6799998,-539.999961853E-3,
,,,2.72000003,0.0,
,,,2.75999999,19.9999996E-3,
,,,2.79999995,59.999998659E-3,
,,,2.83999991,59.999998659E-3,
,,,2.87999988,19.9999996E-3,
,,,2.91999984,0.0,
,,,2.96000004,-39.99999911E-3,
,,,3.00000000,-39.99999911E-3,
,,,3.03999996,-39.99999911E-3,
,,,3.07999992,-59.999998659E-3,
,,,3.11999989,19.9999996E-3,
,,,3.15999985,59.999998659E-3,
,,,3.19999981,39.99999911E-3,
,,,3.24000001,0.0,
,,,3.27999997,-39.99999911E-3,
,,,3.31999993,-19.9999996E-3,
,,,3.35999990,19.9999996E-3,
,,,3.39999986,59.999998659E-3,
,,,3.43999982,99.999994040E-3,
,,,3.48000002,0.0,
,,,3.51999998,-39.99999911E-3,
,,,3.55999994,-59.999998659E-3,
,,,3.59999990,0.0,
,,,3.63999987,39.99999911E-3,
,,,3.67999983,379.99999523E-3,
,,,3.72000003,59.999998659E-3,
,,,3.75999999,19.9999996E-3,
,,,3.79999995,-19.9999996E-3,
,,,3.83999991,-79.999998212E-3,
,,,3.87999988,0.0,
,,,3.91999984,19.9999996E-3,
,,,3.95999980,59.999998659E-3,
,,,4.00000000,59.999998659E-3,
,,,4.03999996,19.9999996E-3,
,,,4.07999992,-39.99999911E-3,
,,,4.11999989,-59.999998659E-3,
,,,4.15999985,-39.99999911E-3,
,,,4.19999981,0.0,
,,,4.23999977,19.9999996E-3,
,,,4.27999973,59.999998659E-3,
,,,4.31999969,19.9999996E-3,
,,,4.36000013,-39.99999911E-3,
,,,4.40000010,-19.9999996E-3,
,,,4.44000006,39.99999911E-3,
,,,4.48000002,59.999998659E-3,
,,,4.51999998,0.0,
,,,4.55999994,0.0,
,,,4.59999990,-59.999998659E-3,
,,,4.63999987,0.0,
,,,4.67999983,39.99999911E-3,
,,,4.71999979,59.999998659E-3,
,,,4.75999975,39.99999911E-3,
,,,4.79999971,-19.9999996E-3,
,,,4.83999968,-19.9999996E-3,
,,,4.88000011,-79.999998212E-3,
,,,4.92000008,-19.9999996E-3,
,,,4.96000004,0.0,
,,,5.00000000,39.99999911E-3,
,,,5.03999996,39.99999911E-3,
,,,5.07999992,39.99999911E-3,
,,,5.11999989,-39.99999911E-3,
,,,5.15999985,-79.999998212E-3,
,,,5.19999981,-79.999998212E-3,
,,,5.23999977,0.0,
,,,5.27999973,19.9999996E-3,
,,,5.31999969,-19.9999996E-3,
,,,5.35999966,-19.9999996E-3,
,,,5.40000010,0.0,
,,,5.44000006,-79.999998212E-3,
,,,5.48000002,0.0,
,,,5.51999998,59.999998659E-3,
,,,5.55999994,0.0,
,,,5.59999990,-39.99999911E-3,
,,,5.63999987,-59.999998659E-3,
,,,5.67999983,19.9999996E-3,
,,,5.71999979,0.0,
,,,5.75999975,39.99999911E-3,
,,,5.79999971,19.9999996E-3,
,,,5.83999968,-19.9999996E-3,
,,,5.87999964,-79.999998212E-3,
,,,5.92000008,-39.99999911E-3,
,,,5.96000004,0.0,
,,,6.00000000,39.99999911E-3,
,,,6.03999996,19.9999996E-3,
,,,6.07999992,-19.9999996E-3,
,,,6.11999989,-39.99999911E-3,
,,,6.15999985,-79.999998212E-3,
,,,6.19999981,-79.999998212E-3,
,,,6.23999977,-39.99999911E-3,
,,,6.27999973,59.999998659E-3,
,,,6.31999969,19.9999996E-3,
,,,6.35999966,0.0,
,,,6.39999962,-19.9999996E-3,
,,,6.44000006,-99.999994040E-3,
,,,6.48000002,-119.9999973E-3,
,,,6.51999998,-79.999998212E-3,
,,,6.55999994,-59.999998659E-3,
,,,6.59999990,0.0,
,,,6.63999987,-59.999998659E-3,
,,,6.67999983,-99.999994040E-3,
,,,6.71999979,-140.0000006E-3,
,,,6.75999975,-119.9999973E-3,
,,,6.79999971,-99.999994040E-3,
,,,6.83999968,-39.99999911E-3,
,,,6.87999964,-59.999998659E-3,
,,,6.92000008,-140.0000006E-3,
,,,6.96000004,-119.9999973E-3,
,,,7.00000000,-59.999998659E-3,
,,,7.03999996,-79.999998212E-3,
,,,7.07999992,-179.99999225E-3,
,,,7.11999989,-159.99999642E-3,
,,,7.15999985,-79.999998212E-3,
,,,7.19999981,-99.999994040E-3,
,,,7.23999977,-159.99999642E-3,
,,,7.27999973,-179.99999225E-3,
,,,7.31999969,-159.99999642E-3,
,,,7.35999966,-119.9999973E-3,
,,,7.399999619,-99.999994040E-3,
,,,7.440000057,-140.0000006E-3,
,,,7.480000019,-159.99999642E-3,
,,,7.519999981,-179.99999225E-3,
,,,7.559999943,-140.0000006E-3,
,,,7.599999905,-119.9999973E-3,
,,,7.639999866,-119.9999973E-3,
,,,7.679999828,-159.99999642E-3,
,,,7.719999790,-219.99999881E-3,
,,,7.759999752,-239.99999464E-3,
,,,7.799999714,-199.99998808E-3,
,,,7.839999676,-179.99999225E-3,
,,,7.879999638,-140.0000006E-3,
,,,7.919999599,-159.99999642E-3,
,,,7.960000038,-179.99999225E-3,
,,,8.000000000,-219.99999881E-3,
,,,8.039999962,-239.99999464E-3,
,,,8.079999924,-259.99999046E-3,
,,,8.119999886,-219.99999881E-3,
,,,8.159999847,-159.99999642E-3,
,,,8.199999809,-159.99999642E-3,
,,,8.239999771,-159.99999642E-3,
,,,8.279999733,-199.99998808E-3,
,,,8.319999695,-239.99999464E-3,
,,,8.359999657,-259.99999046E-3,
,,,8.399999619,-280.00000119E-3,
,,,8.439999580,-280.00000119E-3,
,,,8.479999542,-259.99999046E-3,
,,,8.519999504,-219.99999881E-3,
,,,8.559999466,-199.99998808E-3,
,,,8.599999428,-199.99998808E-3,
,,,8.639999390,-219.99999881E-3,
,,,8.679999352,-259.99999046E-3,
,,,8.720000267,-259.99999046E-3,
,,,8.760000229,-340.00000358E-3,
,,,8.800000191,-299.99998212E-3,
,,,8.840000153,-280.00000119E-3,
,,,8.880000114,-259.99999046E-3,
,,,8.920000076,-259.99999046E-3,
,,,8.960000038,-219.99999881E-3,
,,,9.000000000,-219.99999881E-3,
,,,9.039999962,-239.99999464E-3,
,,,9.079999924,-280.00000119E-3,
,,,9.119999886,-299.99998212E-3,
,,,9.159999847,-319.99999285E-3,
,,,9.199999809,-340.00000358E-3,
,,,9.239999771,-299.99998212E-3,
,,,9.279999733,-299.99998212E-3,
,,,9.319999695,-239.99999464E-3,
,,,9.359999657,-259.99999046E-3,
,,,9.399999619,-239.99999464E-3,
,,,9.439999580,-319.99999285E-3,
,,,9.479999542,-299.99998212E-3,
,,,9.519999504,-359.99998450E-3,
,,,9.559999466,-340.00000358E-3,
,,,9.599999428,-299.99998212E-3,
,,,9.639999390,-280.00000119E-3,
,,,9.679999352,-259.99999046E-3,
,,,9.719999313,-259.99999046E-3,
,,,9.760000229,-299.99998212E-3,
,,,9.800000191,-340.00000358E-3,
,,,9.840000153,-319.99999285E-3,
,,,9.880000114,-259.99999046E-3,
,,,9.920000076,-239.99999464E-3,
,,,9.960000038,-259.99999046E-3,
,,,10.0000000,-319.99999285E-3,
,,,10.0400000,-319.99999285E-3,
,,,10.0799999,-259.99999046E-3,
,,,10.1199999,-259.99999046E-3,
,,,10.1599998,-280.00000119E-3,
,,,10.1999998,-319.99999285E-3,
,,,10.2399998,-340.00000358E-3,
,,,10.2799997,-299.99998212E-3,
,,,10.3199997,-239.99999464E-3,
,,,10.3599997,-259.99999046E-3,
,,,10.3999996,-259.99999046E-3,
,,,10.4399996,-319.99999285E-3,
,,,10.4799995,-359.99998450E-3,
,,,10.5199995,-259.99999046E-3,
,,,10.5599995,-259.99999046E-3,
,,,10.5999994,-219.99999881E-3,
,,,10.6399994,-259.99999046E-3,
,,,10.6799994,-299.99998212E-3,
,,,10.7199993,-340.00000358E-3,
,,,10.7600002,-299.99998212E-3,
,,,10.8000002,-259.99999046E-3,
,,,10.8400002,-219.99999881E-3,
,,,10.8800001,-299.99998212E-3,
,,,10.9200001,-359.99998450E-3,
,,,10.9600000,-299.99998212E-3,
,,,11.0000000,-299.99998212E-3,
,,,11.0400000,-259.99999046E-3,
,,,11.0799999,-299.99998212E-3,
,,,11.1199999,-359.99998450E-3,
,,,11.1599998,-379.99999523E-3,
,,,11.1999998,-379.99999523E-3,
,,,11.2399998,-379.99999523E-3,
,,,11.2799997,-299.99998212E-3,
,,,11.3199997,-340.00000358E-3,
,,,11.3599997,-399.99997616E-3,
,,,11.3999996,-379.99999523E-3,
,,,11.4399996,-319.99999285E-3,
,,,11.4799995,-319.99999285E-3,
,,,11.5199995,-459.999978542E-3,
,,,11.5599995,-379.99999523E-3,
,,,11.5999994,-340.00000358E-3,
,,,11.6399994,-340.00000358E-3,
,,,11.6799994,-399.99997616E-3,
,,,11.7199993,-439.999997616E-3,
,,,11.7599993,-399.99997616E-3,
,,,11.8000002,-419.999986887E-3,
,,,11.8400002,-340.00000358E-3,
,,,11.8800001,-340.00000358E-3,
,,,11.9200001,-399.99997616E-3,
,,,11.9600000,-439.999997616E-3,
,,,12.0000000,-419.999986887E-3,
,,,12.0400000,-419.999986887E-3,
,,,12.0799999,-379.99999523E-3,
,,,12.1199999,-379.99999523E-3,
,,,12.1599998,-340.00000358E-3,
,,,12.1999998,-379.99999523E-3,
,,,12.2399998,-439.999997616E-3,
,,,12.2799997,-439.999997616E-3,
,,,12.3199997,-399.99997616E-3,
,,,12.3599997,-379.99999523E-3,
,,,12.3999996,-399.99997616E-3,
,,,12.4399996,-439.999997616E-3,
,,,12.4799995,-479.999989271E-3,
,,,12.5199995,-439.999997616E-3,
,,,12.5599995,-399.99997616E-3,
,,,12.5999994,-399.99997616E-3,
,,,12.6399994,-419.999986887E-3,
,,,12.6799994,-479.999989271E-3,
,,,12.7199993,-439.999997616E-3,
,,,12.7599993,-419.999986887E-3,
,,,12.7999992,-359.99998450E-3,
,,,12.8400002,-419.999986887E-3,
,,,12.8800001,-340.00000358E-3,
,,,12.9200001,-500.000000000E-3,
,,,12.9600000,-459.999978542E-3,
,,,13.0000000,-439.999997616E-3,
,,,13.0400000,-399.99997616E-3,
,,,13.0799999,-399.99997616E-3,
,,,13.1199999,-439.999997616E-3,
,,,13.1599998,-500.000000000E-3,
,,,13.1999998,-519.999980927E-3,
,,,13.2399998,-500.000000000E-3,
,,,13.2799997,-459.999978542E-3,
,,,13.3199997,-419.999986887E-3,
,,,13.3599997,-399.99997616E-3,
,,,13.3999996,-439.999997616E-3,
,,,13.4399996,-459.999978542E-3,
,,,13.4799995,-500.000000000E-3,
,,,13.5199995,-539.999961853E-3,
,,,13.5599995,-539.999961853E-3,
,,,13.5999994,-539.999961853E-3,
,,,13.6399994,-500.000000000E-3,
,,,13.6799994,-459.999978542E-3,
,,,13.7199993,-439.999997616E-3,
,,,13.7599993,-439.999997616E-3,
,,,13.7999992,-459.999978542E-3,
,,,13.8400002,-500.000000000E-3,
,,,13.8800001,-519.999980927E-3,
,,,13.9200001,-539.999961853E-3,
,,,13.9600000,-539.999961853E-3,
,,,14.0000000,-539.999961853E-3,
,,,14.0400000,-519.999980927E-3,
,,,14.0799999,-500.000000000E-3,
,,,14.1199999,-479.999989271E-3,
,,,14.1599998,-439.999997616E-3,
,,,14.1999998,-459.999978542E-3,
,,,14.2399998,-479.999989271E-3,
,,,14.2799997,-519.999980927E-3,
,,,14.3199997,-560.000002384E-3,
,,,14.3599997,-579.999983311E-3,
,,,14.3999996,-579.999983311E-3,
,,,14.4399996,-519.999980927E-3,
,,,14.4799995,-479.999989271E-3,
,,,14.5199995,-459.999978542E-3,
,,,14.5599995,-479.999989271E-3,
,,,14.5999994,-500.000000000E-3,
,,,14.6399994,-299.99998212E-3,
,,,14.6799994,-539.999961853E-3,
,,,14.7199993,-579.999983311E-3,
,,,14.7599993,-599.999964237E-3,
,,,14.7999992,-579.999983311E-3,
,,,14.8399992,-560.000002384E-3,
,,,14.8800001,-560.000002384E-3,
,,,14.9200001,-500.000000000E-3,
,,,14.9600000,-500.000000000E-3,
,,,15.0000000,-500.000000000E-3,
,,,15.0400000,-560.000002384E-3,
,,,15.0799999,-539.999961853E-3,
,,,15.1199999,-620.000004768E-3,
,,,15.1599998,-620.000004768E-3,
,,,15.1999998,-579.999983311E-3,
,,,15.2399998,-560.000002384E-3,
,,,15.2799997,-539.999961853E-3,
,,,15.3199997,-500.000000000E-3,
,,,15.3599997,-519.999980927E-3,
,,,15.3999996,-560.000002384E-3,
,,,15.4399996,-599.999964237E-3,
,,,15.4799995,-579.999983311E-3,
,,,15.5199995,-620.000004768E-3,
,,,15.5599995,-620.000004768E-3,
,,,15.5999994,-599.999964237E-3,
,,,15.6399994,-560.000002384E-3,
,,,15.6799994,-519.999980927E-3,
,,,15.7199993,-539.999961853E-3,
,,,15.7599993,-599.999964237E-3,
,,,15.7999992,-620.000004768E-3,
,,,15.8399992,-579.999983311E-3,
,,,15.8800001,-539.999961853E-3,
,,,15.9200001,-539.999961853E-3,
,,,15.9600000,-599.999964237E-3,
,,,16.0000000,-620.000004768E-3,
,,,16.0399990,-620.000004768E-3,
,,,16.0799999,-599.999964237E-3,
,,,16.1199989,-539.999961853E-3,
,,,16.1599998,-539.999961853E-3,
,,,16.1999989,-579.999983311E-3,
,,,16.2399998,-620.000004768E-3,
,,,16.2799988,-599.999964237E-3,
,,,16.3199997,-579.999983311E-3,
,,,16.3599987,-500.000000000E-3,
,,,16.3999996,-539.999961853E-3,
,,,16.4400005,-579.999983311E-3,
,,,16.4799995,-620.000004768E-3,
,,,16.5200005,-599.999964237E-3,
,,,16.5599995,-599.999964237E-3,
,,,16.6000004,-539.999961853E-3,
,,,16.6399994,-519.999980927E-3,
,,,16.6800003,-579.999983311E-3,
,,,16.7199993,-639.999985695E-3,
,,,16.7600002,-599.999964237E-3,
,,,16.7999992,-560.000002384E-3,
,,,16.8400002,-539.999961853E-3,
,,,16.8799992,-560.000002384E-3,
,,,16.9200001,-599.999964237E-3,
,,,16.9599991,-639.999985695E-3,
,,,17.0000000,-620.000004768E-3,
,,,17.0399990,-579.999983311E-3,
,,,17.0799999,-539.999961853E-3,
,,,17.1199989,-519.999980927E-3,
,,,17.1599998,-579.999983311E-3,
,,,17.1999989,-620.000004768E-3,
,,,17.2399998,-399.99997616E-3,
,,,17.2799988,-599.999964237E-3,
,,,17.3199997,-539.999961853E-3,
,,,17.3599987,-519.999980927E-3,
,,,17.3999996,-539.999961853E-3,
,,,17.4400005,-579.999983311E-3,
,,,17.4799995,-599.999964237E-3,
,,,17.5200005,-620.000004768E-3,
,,,17.5599995,-579.999983311E-3,
,,,17.6000004,-539.999961853E-3,
,,,17.6399994,-519.999980927E-3,
,,,17.6800003,-500.000000000E-3,
,,,17.7199993,-539.999961853E-3,
,,,17.7600002,-579.999983311E-3,
,,,17.7999992,-620.000004768E-3,
,,,17.8400002,-599.999964237E-3,
,,,17.8799992,-599.999964237E-3,
,,,17.9200001,-579.999983311E-3,
,,,17.9599991,-539.999961853E-3,
,,,18.0000000,-500.000000000E-3,
,,,18.0399990,-519.999980927E-3,
,,,18.0799999,-579.999983311E-3,
,,,18.1199989,-599.999964237E-3,
,,,18.1599998,-620.000004768E-3,
,,,18.1999989,-620.000004768E-3,
,,,18.2399998,-620.000004768E-3,
,,,18.2799988,-579.999983311E-3,
,,,18.3199997,-579.999983311E-3,
,,,18.3599987,-560.000002384E-3,
,,,18.3999996,-539.999961853E-3,
,,,18.4400005,-519.999980927E-3,
,,,18.4799995,-539.999961853E-3,
,,,18.5200005,-560.000002384E-3,
,,,18.5599995,-599.999964237E-3,
,,,18.6000004,-620.000004768E-3,
,,,18.6399994,-579.999983311E-3,
,,,18.6800003,-560.000002384E-3,
,,,18.7199993,-519.999980927E-3,
,,,18.7600002,-519.999980927E-3,
,,,18.7999992,-539.999961853E-3,
,,,18.8400002,-560.000002384E-3,
,,,18.8799992,-599.999964237E-3,
,,,18.9200001,-639.999985695E-3,
,,,18.9599991,-599.999964237E-3,
,,,19.0000000,-579.999983311E-3,
,,,19.0399990,-539.999961853E-3,
,,,19.0799999,-539.999961853E-3,
,,,19.1199989,-519.999980927E-3,
,,,19.1599998,-519.999980927E-3,
,,,19.1999989,-539.999961853E-3,
,,,19.2399998,-560.000002384E-3,
,,,19.2799988,-599.999964237E-3,
,,,19.3199997,-959.999978542E-3,
,,,19.3599987,-599.999964237E-3,
,,,19.3999996,-2.5400000,
,,,19.4399986,-2.5400000,
,,,19.4799995,-2.5400000,
,,,19.5200005,-2.5400000,
,,,19.5599995,-2.5400000,
,,,19.6000004,-2.5400000,
,,,19.6399994,-2.5400000,
,,,19.6800003,-2.5400000,
,,,19.7199993,-2.5400000,
,,,19.7600002,-2.5400000,
,,,19.7999992,-2.5400000,
,,,19.8400002,-2.5400000,
,,,19.8799992,-2.5400000,
,,,19.9200001,-2.5400000,
,,,19.9599991,-2.5400000,
,,,20.0000000,-2.5400000,
,,,20.0399990,-2.5400000,
,,,20.0799999,-2.5400000,
,,,20.11999893,-2.5400000,
,,,20.15999985,-2.5400000,
,,,20.19999886,-2.5400000,
,,,20.23999977,-2.5400000,
,,,20.27999878,-2.5400000,
,,,20.31999969,-2.5400000,
,,,20.35999870,-2.5400000,
,,,20.39999962,-2.5400000,
,,,20.43999863,-2.5400000,
,,,20.47999954,-2.5400000,
,,,20.52000046,-2.5400000,
,,,20.55999947,-2.5400000,
,,,20.60000038,-2.5400000,
,,,20.63999939,-2.5400000,
,,,20.68000031,-2.5400000,
,,,20.71999931,-2.5400000,
,,,20.76000023,-2.5400000,
,,,20.79999924,-2.5400000,
,,,20.84000015,-2.5400000,
,,,20.87999916,-2.5400000,
,,,20.92000008,-2.5400000,
,,,20.95999908,-2.5400000,
,,,21.00000000,-2.5400000,
,,,21.03999901,-2.5400000,
,,,21.07999992,-2.5400000,
,,,21.11999893,-2.5400000,
,,,21.15999985,-2.5400000,
,,,21.19999886,-2.5400000,
,,,21.23999977,-2.5400000,
,,,21.27999878,-2.5400000,
,,,21.31999969,-2.5400000,
,,,21.35999870,-2.5400000,
,,,21.39999962,-2.5400000,
,,,21.43999863,-2.5400000,
,,,21.47999954,-2.5400000,
,,,21.52000046,-2.5400000,
,,,21.55999947,-2.5400000,
,,,21.60000038,-2.5400000,
,,,21.63999939,-2.5400000,
,,,21.68000031,-2.5400000,
,,,21.71999931,-2.5400000,
,,,21.76000023,-2.5400000,
,,,21.79999924,-2.5400000,
,,,21.84000015,-2.5400000,
,,,21.87999916,-2.5400000,
,,,21.92000008,-2.5400000,
,,,21.95999908,-2.5400000,
,,,22.00000000,-2.5400000,
,,,22.03999901,-2.5400000,
,,,22.07999992,-2.5400000,
,,,22.11999893,-2.5400000,
,,,22.15999985,-2.5400000,
,,,22.19999886,-2.5400000,
,,,22.23999977,-2.5400000,
,,,22.27999878,-2.5400000,
,,,22.31999969,-2.5400000,
,,,22.35999870,-2.5400000,
,,,22.39999962,-2.5400000,
,,,22.43999863,-2.5400000,
,,,22.47999954,-2.5400000,
,,,22.51999855,-2.5400000,
,,,22.55999947,-2.5400000,
,,,22.60000038,-2.5400000,
,,,22.63999939,-2.5400000,
,,,22.68000031,-2.5400000,
,,,22.71999931,-2.5400000,
,,,22.76000023,-2.5400000,
,,,22.79999924,-2.5400000,
,,,22.84000015,-2.5400000,
,,,22.87999916,-2.5400000,
,,,22.92000008,-2.5400000,
,,,22.95999908,-2.5400000,
,,,23.00000000,-2.5400000,
,,,23.03999901,-2.5400000,
,,,23.07999992,-2.5400000,
,,,23.11999893,-2.5400000,
,,,23.15999985,-2.5400000,
,,,23.19999886,-2.5400000,
,,,23.23999977,-2.5400000,
,,,23.27999878,-2.5400000,
,,,23.31999969,-2.5400000,
,,,23.35999870,-2.5400000,
,,,23.39999962,-2.5400000,
,,,23.43999863,-2.5400000,
,,,23.47999954,-2.5400000,
,,,23.51999855,-2.5400000,
,,,23.55999947,-2.5400000,
,,,23.60000038,-2.5400000,
,,,23.63999939,-2.5400000,
,,,23.68000031,-2.5400000,
,,,23.71999931,-2.5400000,
,,,23.76000023,-2.5400000,
,,,23.79999924,-2.5400000,
,,,23.84000015,-2.5400000,
,,,23.87999916,-2.5400000,
,,,23.92000008,-2.5400000,
,,,23.95999908,-2.5400000,
,,,24.00000000,-2.5400000,
,,,24.03999901,-2.5400000,
,,,24.07999992,-2.5400000,
,,,24.11999893,-2.5400000,
,,,24.15999985,-2.5400000,
,,,24.19999886,-2.5400000,
,,,24.23999977,-2.5400000,
,,,24.27999878,-2.5400000,
,,,24.31999969,-2.5400000,
,,,24.35999870,-2.5400000,
,,,24.39999962,-2.5400000,
,,,24.43999863,-2.5400000,
,,,24.47999954,-2.5400000,
,,,24.51999855,-2.5400000,
,,,24.55999947,-2.5400000,
,,,24.60000038,-2.5400000,
,,,24.63999939,-2.5400000,
,,,24.68000031,-2.5400000,
,,,24.71999931,-2.5400000,
,,,24.76000023,-2.5400000,
,,,24.79999924,-2.5400000,
,,,24.84000015,-2.5400000,
,,,24.87999916,-2.5400000,
,,,24.92000008,-2.5400000,
,,,24.95999908,-2.5400000,
,,,25.00000000,-2.5400000,
,,,25.03999901,-2.5400000,
,,,25.07999992,-2.5400000,
,,,25.11999893,-2.5400000,
,,,25.15999985,-2.5400000,
,,,25.19999886,-2.5400000,
,,,25.23999977,-2.5400000,
,,,25.27999878,-2.5400000,
,,,25.31999969,-2.5400000,
,,,25.35999870,-2.5400000,
,,,25.39999962,-2.5400000,
,,,25.43999863,-2.5400000,
,,,25.47999954,-2.5400000,
,,,25.51999855,-2.5400000,
,,,25.55999947,-2.5400000,
,,,25.59999847,-2.5400000,
,,,25.63999939,-2.5400000,
,,,25.68000031,-2.5400000,
,,,25.71999931,-2.5400000,
,,,25.76000023,-2.5400000,
,,,25.79999924,-2.5400000,
,,,25.84000015,-2.5400000,
,,,25.87999916,-2.5400000,
,,,25.92000008,-2.5400000,
,,,25.95999908,-2.5400000,
,,,26.00000000,-2.5400000,
,,,26.03999901,-2.5400000,
,,,26.07999992,-2.5400000,
,,,26.11999893,-2.5400000,
,,,26.15999985,-2.5400000,
,,,26.19999886,-2.5400000,
,,,26.23999977,-2.5400000,
,,,26.27999878,-2.5400000,
,,,26.31999969,-2.5400000,
,,,26.35999870,-2.5400000,
,,,26.39999962,-2.5400000,
,,,26.43999863,-2.5400000,
,,,26.47999954,-2.5400000,
,,,26.51999855,-2.5400000,
,,,26.55999947,-2.5400000,
,,,26.59999847,-2.5400000,
,,,26.63999939,-2.5400000,
,,,26.68000031,-2.5400000,
,,,26.71999931,-2.5400000,
,,,26.76000023,-2.5400000,
,,,26.79999924,-2.5400000,
,,,26.84000015,-2.5400000,
,,,26.87999916,-2.5400000,
,,,26.92000008,-2.5400000,
,,,26.95999908,-2.5400000,
,,,27.00000000,-2.5400000,
,,,27.03999901,-2.5400000,
,,,27.07999992,-2.5400000,
,,,27.11999893,-2.5400000,
,,,27.15999985,-2.5400000,
,,,27.19999886,-2.5400000,
,,,27.23999977,-2.5400000,
,,,27.27999878,-2.5400000,
,,,27.31999969,-2.5400000,
,,,27.35999870,-2.5400000,
,,,27.39999962,-2.5400000,
,,,27.43999863,-2.5400000,
,,,27.47999954,-2.5400000,
,,,27.51999855,-2.5400000,
,,,27.55999947,-2.5400000,
,,,27.59999847,-2.5400000,
,,,27.63999939,-2.5400000,
,,,27.68000031,-2.5400000,
,,,27.71999931,-2.5400000,
,,,27.76000023,-2.5400000,
,,,27.79999924,-2.5400000,
,,,27.84000015,-2.5400000,
,,,27.87999916,-2.5400000,
,,,27.92000008,-2.5400000,
,,,27.95999908,-2.5400000,
,,,28.00000000,-2.5400000,
,,,28.03999901,-2.5400000,
,,,28.07999992,-2.5400000,
,,,28.11999893,-2.5400000,
,,,28.15999985,-2.5400000,
,,,28.19999886,-2.5400000,
,,,28.23999977,-2.5400000,
,,,28.27999878,-2.5400000,
,,,28.31999969,-2.5400000,
,,,28.35999870,-2.5400000,
,,,28.39999962,-2.5400000,
,,,28.43999863,-2.5400000,
,,,28.47999954,-2.5400000,
,,,28.51999855,-2.5400000,
,,,28.55999947,-2.5400000,
,,,28.59999847,-2.5400000,
,,,28.63999939,-2.5400000,
,,,28.68000031,-2.5400000,
,,,28.71999931,-2.5400000,
,,,28.76000023,-2.5400000,
,,,28.79999924,-2.5400000,
,,,28.84000015,-2.5400000,
,,,28.87999916,-2.5400000,
,,,28.92000008,-2.5400000,
,,,28.95999908,-2.5400000,
,,,29.00000000,-2.5400000,
,,,29.03999901,-2.5400000,
,,,29.07999992,-2.5400000,
,,,29.11999893,-2.5400000,
,,,29.15999985,-2.5400000,
,,,29.19999886,-2.5400000,
,,,29.23999977,-2.5400000,
,,,29.27999878,-2.5400000,
,,,29.31999969,-2.5400000,
,,,29.35999870,-2.5400000,
,,,29.39999962,-2.5400000,
,,,29.43999863,-2.5400000,
,,,29.47999954,-2.5400000,
,,,29.51999855,-2.5400000,
,,,29.55999947,-2.5400000,
,,,29.59999847,-2.5400000,
,,,29.63999939,-2.5400000,
,,,29.67999840,-2.5400000,
,,,29.71999931,-2.5400000,
,,,29.76000023,-2.5400000,
,,,29.79999924,-2.5400000,
,,,29.84000015,-2.5400000,
,,,29.87999916,-2.5400000,
,,,29.92000008,-2.5400000,
,,,29.95999908,-2.5400000,
,,,30.00000000,-2.5400000,
,,,30.03999901,-2.5400000,
,,,30.07999992,-2.5400000,
,,,30.11999893,-2.5400000,
,,,30.15999985,-2.5400000,
,,,30.19999886,-2.5400000,
,,,30.23999977,-2.5400000,
,,,30.27999878,-2.5400000,
,,,30.31999969,-2.5400000,
,,,30.35999870,-2.5400000,
,,,30.39999962,-2.5400000,
,,,30.43999863,-2.5400000,
,,,30.47999954,-2.5400000,
,,,30.51999855,-2.5400000,
,,,30.55999947,-2.5400000,
,,,30.59999847,-2.5400000,
,,,30.63999939,-2.5400000,
,,,30.67999840,-2.5400000,
,,,30.71999931,-2.5400000,
,,,30.76000023,-2.5400000,
,,,30.79999924,-2.5400000,
,,,30.84000015,-2.5400000,
,,,30.87999916,-2.5400000,
,,,30.92000008,-2.5400000,
,,,30.95999908,-2.5400000,
,,,31.00000000,-2.5400000,
,,,31.03999901,-2.5400000,
,,,31.07999992,-2.5400000,
,,,31.11999893,-2.5400000,
,,,31.15999985,-2.5400000,
,,,31.19999886,-2.5400000,
,,,31.23999977,-2.5400000,
,,,31.27999878,-2.5400000,
,,,31.31999969,-2.5400000,
,,,31.35999870,-2.5400000,
,,,31.39999962,-2.5400000,
,,,31.43999863,-2.5400000,
,,,31.47999954,-2.5400000,
,,,31.51999855,-2.5400000,
,,,31.55999947,-2.5400000,
,,,31.59999847,-2.5400000,
,,,31.63999939,-2.5400000,
,,,31.67999840,-2.5400000,
,,,31.71999931,-2.5400000,
,,,31.76000023,-2.5400000,
,,,31.79999924,-2.5400000,
,,,31.84000015,-2.5400000,
,,,31.87999916,-2.5400000,
,,,31.92000008,-2.5400000,
,,,31.95999908,-2.5400000,
,,,32.00000000,-2.5400000,
,,,32.04000092,-2.5400000,
,,,32.07999802,-2.5400000,
,,,32.11999893,-2.5400000,
,,,32.15999985,-2.5400000,
,,,32.20000076,-2.5400000,
,,,32.23999786,-2.5400000,
,,,32.27999878,-2.5400000,
,,,32.31999969,-2.5400000,
,,,32.36000061,-2.5400000,
,,,32.39999771,-2.5400000,
,,,32.43999863,-2.5400000,
,,,32.47999954,-2.5400000,
,,,32.52000046,-2.5400000,
,,,32.55999756,-2.5400000,
,,,32.59999847,-2.5400000,
,,,32.63999939,-2.5400000,
,,,32.68000031,-2.5400000,
,,,32.71999741,-2.5400000,
,,,32.75999832,-2.5400000,
,,,32.79999924,-2.5400000,
,,,32.84000015,-2.5400000,
,,,32.88000107,-2.5400000,
,,,32.91999817,-2.5400000,
,,,32.95999908,-2.5400000,
,,,33.00000000,-2.5400000,
,,,33.04000092,-2.5400000,
,,,33.07999802,-2.5400000,
,,,33.11999893,-2.5400000,
,,,33.15999985,-2.5400000,
,,,33.20000076,-2.5400000,
,,,33.23999786,-2.5400000,
,,,33.27999878,-2.5400000,
,,,33.31999969,-2.5400000,
,,,33.36000061,-2.5400000,
,,,33.39999771,-2.5400000,
,,,33.43999863,-2.5400000,
,,,33.47999954,-2.5400000,
,,,33.52000046,-2.5400000,
,,,33.55999756,-2.5400000,
,,,33.59999847,-2.5400000,
,,,33.63999939,-2.5400000,
,,,33.68000031,-2.5400000,
,,,33.71999741,-2.5400000,
,,,33.75999832,-2.5400000,
,,,33.79999924,-2.5400000,
,,,33.84000015,-2.5400000,
,,,33.88000107,-2.5400000,
,,,33.91999817,-2.5400000,
,,,33.95999908,-2.5400000,
,,,34.00000000,-2.5400000,
,,,34.04000092,-2.5400000,
,,,34.07999802,-2.5400000,
,,,34.11999893,-2.5400000,
,,,34.15999985,-2.5400000,
,,,34.20000076,-2.5400000,
,,,34.23999786,-2.5400000,
,,,34.27999878,-2.5400000,
,,,34.31999969,-2.5400000,
,,,34.36000061,-2.5400000,
,,,34.39999771,-2.5400000,
,,,34.43999863,-2.5400000,
,,,34.47999954,-2.5400000,
,,,34.52000046,-2.5400000,
,,,34.55999756,-2.5400000,
,,,34.59999847,-2.5400000,
,,,34.63999939,-2.5400000,
,,,34.68000031,-2.5400000,
,,,34.71999741,-2.5400000,
,,,34.75999832,-2.5400000,
,,,34.79999924,-2.5400000,
,,,34.84000015,-2.5400000,
,,,34.88000107,-2.5400000,
,,,34.91999817,-2.5400000,
,,,34.95999908,-2.5400000,
,,,35.00000000,-2.5400000,
,,,35.04000092,-2.5400000,
,,,35.07999802,-2.5400000,
,,,35.11999893,-2.5400000,
,,,35.15999985,-2.5400000,
,,,35.20000076,-2.5400000,
,,,35.23999786,-2.5400000,
,,,35.27999878,-2.5400000,
,,,35.31999969,-2.5400000,
,,,35.36000061,-2.5400000,
,,,35.39999771,-2.5400000,
,,,35.43999863,-2.5400000,
,,,35.47999954,-2.5400000,
,,,35.52000046,-2.5400000,
,,,35.55999756,-2.5400000,
,,,35.59999847,-2.5400000,
,,,35.63999939,-2.5400000,
,,,35.68000031,-2.5400000,
,,,35.71999741,-2.5400000,
,,,35.75999832,-2.5400000,
,,,35.79999924,-2.5400000,
,,,35.84000015,-2.5400000,
,,,35.88000107,-2.5400000,
,,,35.91999817,-2.5400000,
,,,35.95999908,-2.5400000,
,,,36.00000000,-2.5400000,
,,,36.04000092,-2.5400000,
,,,36.07999802,-2.5400000,
,,,36.11999893,-2.5400000,
,,,36.15999985,-2.5400000,
,,,36.20000076,-2.5400000,
,,,36.23999786,-2.5400000,
,,,36.27999878,-2.5400000,
,,,36.31999969,-2.5400000,
,,,36.36000061,-2.5400000,
,,,36.39999771,-2.5400000,
,,,36.43999863,-2.5400000,
,,,36.47999954,-2.5400000,
,,,36.52000046,-2.5400000,
,,,36.55999756,-2.5400000,
,,,36.59999847,-2.5400000,
,,,36.63999939,-2.5400000,
,,,36.68000031,-2.5400000,
,,,36.71999741,-2.5400000,
,,,36.75999832,-2.5400000,
,,,36.79999924,-2.5400000,
,,,36.84000015,-2.5400000,
,,,36.88000107,-2.5400000,
,,,36.91999817,-2.5400000,
,,,36.95999908,-2.5400000,
,,,37.00000000,-2.5400000,
,,,37.04000092,-2.5400000,
,,,37.07999802,-2.5400000,
,,,37.11999893,-2.5400000,
,,,37.15999985,-2.5400000,
,,,37.20000076,-2.5400000,
,,,37.23999786,-2.5400000,
,,,37.27999878,-2.5400000,
,,,37.31999969,-2.5400000,
,,,37.36000061,-2.5400000,
,,,37.39999771,-2.5400000,
,,,37.43999863,-2.5400000,
,,,37.47999954,-2.5400000,
,,,37.52000046,-2.5400000,
,,,37.55999756,-2.5400000,
,,,37.59999847,-2.5400000,
,,,37.63999939,-2.5400000,
,,,37.68000031,-2.5400000,
,,,37.71999741,-2.5400000,
,,,37.75999832,-2.5400000,
,,,37.79999924,-2.5400000,
,,,37.84000015,-2.5400000,
,,,37.87999725,-2.5400000,
,,,37.91999817,-2.5400000,
,,,37.95999908,-2.5400000,
,,,38.00000000,-2.5400000,
,,,38.04000092,-2.5400000,
,,,38.07999802,-2.5400000,
,,,38.11999893,-2.5400000,
,,,38.15999985,-2.5400000,
,,,38.20000076,-2.5400000,
,,,38.23999786,-2.5400000,
,,,38.27999878,-2.5400000,
,,,38.31999969,-2.5400000,
,,,38.36000061,-2.5400000,
,,,38.39999771,-2.5400000,
,,,38.43999863,-2.5400000,
,,,38.47999954,-2.5400000,
,,,38.52000046,-2.5400000,
,,,38.55999756,-2.5400000,
,,,38.59999847,-2.5400000,
,,,38.63999939,-2.5400000,
,,,38.68000031,-2.5400000,
,,,38.71999741,-2.5400000,
,,,38.75999832,-2.5400000,
,,,38.79999924,-2.5400000,
,,,38.84000015,-2.5400000,
,,,38.87999725,-2.5400000,
,,,38.91999817,-2.5400000,
,,,38.95999908,-2.5400000,
,,,39.00000000,-2.5400000,
,,,39.04000092,-2.5400000,
,,,39.07999802,-2.5400000,
,,,39.11999893,-2.5400000,
,,,39.15999985,-2.5400000,
,,,39.20000076,-2.5400000,
,,,39.23999786,-2.5400000,
,,,39.27999878,-2.5400000,
,,,39.31999969,-2.5400000,
,,,39.36000061,-2.5400000,
,,,39.39999771,-2.5400000,
,,,39.43999863,-2.5400000,
,,,39.47999954,-2.5400000,
,,,39.52000046,-2.5400000,
,,,39.55999756,-2.5400000,
,,,39.59999847,-2.5400000,
,,,39.63999939,-2.5400000,
,,,39.68000031,-2.5400000,
,,,39.71999741,-2.5400000,
,,,39.75999832,-2.5400000,
,,,39.79999924,-2.5400000,
,,,39.84000015,-2.5400000,
,,,39.87999725,-2.5400000,
,,,39.91999817,-2.5400000,
,,,39.95999908,-2.5400000,
,,,40.00000000,-2.5400000,
,,,40.04000092,-2.5400000,
,,,40.07999802,-2.5400000,
,,,40.11999893,-2.5400000,
,,,40.15999985,-2.5400000,
,,,40.20000076,-2.5400000,
,,,40.23999786,-2.5400000,
,,,40.27999878,-2.5400000,
,,,40.31999969,-2.5400000,
,,,40.36000061,-2.5400000,
,,,40.39999771,-2.5400000,
,,,40.43999863,-2.5400000,
,,,40.47999954,-2.5400000,
,,,40.52000046,-2.5400000,
,,,40.55999756,-2.5400000,
,,,40.59999847,-2.5400000,
,,,40.63999939,-2.5400000,
,,,40.68000031,-2.5400000,
,,,40.71999741,-2.5400000,
,,,40.75999832,-2.5400000,
,,,40.79999924,-2.5400000,
,,,40.84000015,-2.5400000,
,,,40.87999725,-2.5400000,
,,,40.91999817,-2.5400000,
,,,40.95999908,-2.5400000,
,,,41.00000000,-2.5400000,
,,,41.04000092,-2.5400000,
,,,41.07999802,-2.5400000,
,,,41.11999893,-2.5400000,
,,,41.15999985,-2.5400000,
,,,41.20000076,-2.5400000,
,,,41.23999786,-2.5400000,
,,,41.27999878,-2.5400000,
,,,41.31999969,-2.5400000,
,,,41.36000061,-2.5400000,
,,,41.39999771,-2.5400000,
,,,41.43999863,-2.5400000,
,,,41.47999954,-2.5400000,
,,,41.52000046,-2.5400000,
,,,41.55999756,-2.5400000,
,,,41.59999847,-2.5400000,
,,,41.63999939,-2.5400000,
,,,41.68000031,-2.5400000,
,,,41.71999741,-2.5400000,
,,,41.75999832,-2.5400000,
,,,41.79999924,-2.5400000,
,,,41.84000015,-2.5400000,
,,,41.87999725,-2.5400000,
,,,41.91999817,-2.5400000,
,,,41.95999908,-2.5400000,
,,,42.00000000,-2.5400000,
,,,42.04000092,-2.5400000,
,,,42.07999802,-2.5400000,
,,,42.11999893,-2.5400000,
,,,42.15999985,-2.5400000,
,,,42.20000076,-2.5400000,
,,,42.23999786,-2.5400000,
,,,42.27999878,-2.5400000,
,,,42.31999969,-2.5400000,
,,,42.36000061,-2.5400000,
,,,42.39999771,-2.5400000,
,,,42.43999863,-2.5400000,
,,,42.47999954,-2.5400000,
,,,42.52000046,-2.5400000,
,,,42.55999756,-2.5400000,
,,,42.59999847,-2.5400000,
,,,42.63999939,-2.5400000,
,,,42.68000031,-2.5400000,
,,,42.71999741,-2.5400000,
,,,42.75999832,-2.5400000,
,,,42.79999924,-2.5400000,
,,,42.84000015,-2.5400000,
,,,42.87999725,-2.5400000,
,,,42.91999817,-2.5400000,
,,,42.95999908,-2.5400000,
,,,43.00000000,-2.5400000,
,,,43.04000092,-2.5400000,
,,,43.07999802,-2.5400000,
,,,43.11999893,-2.5400000,
,,,43.15999985,-2.5400000,
,,,43.20000076,-2.5400000,
,,,43.23999786,-2.5400000,
,,,43.27999878,-2.5400000,
,,,43.31999969,-2.5400000,
,,,43.36000061,-2.5400000,
,,,43.39999771,-2.5400000,
,,,43.43999863,-2.5400000,
,,,43.47999954,-2.5400000,
,,,43.52000046,-2.5400000,
,,,43.55999756,-2.5400000,
,,,43.59999847,-2.5400000,
,,,43.63999939,-2.5400000,
,,,43.68000031,-2.5400000,
,,,43.71999741,-2.5400000,
,,,43.75999832,-2.5400000,
,,,43.79999924,-2.5400000,
,,,43.84000015,-2.5400000,
,,,43.87999725,-2.5400000,
,,,43.91999817,-2.5400000,
,,,43.95999908,-2.5400000,
,,,44.00000000,-2.5400000,
,,,44.04000092,-2.5400000,
,,,44.07999802,-2.5400000,
,,,44.11999893,-2.5400000,
,,,44.15999985,-2.5400000,
,,,44.20000076,-2.5400000,
,,,44.23999786,-2.5400000,
,,,44.27999878,-2.5400000,
,,,44.31999969,-2.5400000,
,,,44.36000061,-2.5400000,
,,,44.39999771,-2.5400000,
,,,44.43999863,-2.5400000,
,,,44.47999954,-2.5400000,
,,,44.52000046,-2.5400000,
,,,44.55999756,-2.5400000,
,,,44.59999847,-2.5400000,
,,,44.63999939,-2.5400000,
,,,44.68000031,-2.5400000,
,,,44.71999741,-2.5400000,
,,,44.75999832,-2.5400000,
,,,44.79999924,-2.5400000,
,,,44.84000015,-2.5400000,
,,,44.87999725,-2.5400000,
,,,44.91999817,-2.5400000,
,,,44.95999908,-2.5400000,
,,,45.00000000,-2.5400000,
,,,45.03999710,-2.5400000,
,,,45.07999802,-2.5400000,
,,,45.11999893,-2.5400000,
,,,45.15999985,-2.5400000,
,,,45.20000076,-2.5400000,
,,,45.23999786,-2.5400000,
,,,45.27999878,-2.5400000,
,,,45.31999969,-2.5400000,
,,,45.36000061,-2.5400000,
,,,45.39999771,-2.5400000,
,,,45.43999863,-2.5400000,
,,,45.47999954,-2.5400000,
,,,45.52000046,-2.5400000,
,,,45.55999756,-2.5400000,
,,,45.59999847,-2.5400000,
,,,45.63999939,-2.5400000,
,,,45.68000031,-2.5400000,
,,,45.71999741,-2.5400000,
,,,45.75999832,-2.5400000,
,,,45.79999924,-2.5400000,
,,,45.84000015,-2.5400000,
,,,45.87999725,-2.5400000,
,,,45.91999817,-2.5400000,
,,,45.95999908,-2.5400000,
,,,46.00000000,-2.5400000,
,,,46.03999710,-2.5400000,
,,,46.07999802,-2.5400000,
,,,46.11999893,-2.5400000,
,,,46.15999985,-2.5400000,
,,,46.20000076,-2.5400000,
,,,46.23999786,-2.5400000,
,,,46.27999878,-2.5400000,
,,,46.31999969,-2.5400000,
,,,46.36000061,-2.5400000,
,,,46.39999771,-2.5400000,
,,,46.43999863,-2.5400000,
,,,46.47999954,-2.5400000,
,,,46.52000046,-2.5400000,
,,,46.55999756,-2.5400000,
,,,46.59999847,-2.5400000,
,,,46.63999939,-2.5400000,
,,,46.68000031,-2.5400000,
,,,46.71999741,-2.5400000,
,,,46.75999832,-2.5400000,
,,,46.79999924,-2.5400000,
,,,46.84000015,-2.5400000,
,,,46.87999725,-2.5400000,
,,,46.91999817,-2.5400000,
,,,46.95999908,-2.5400000,
,,,47.00000000,-2.5400000,
,,,47.03999710,-2.5400000,
,,,47.07999802,-2.5400000,
,,,47.11999893,-2.5400000,
,,,47.15999985,-2.5400000,
,,,47.20000076,-2.5400000,
,,,47.23999786,-2.5400000,
,,,47.27999878,-2.5400000,
,,,47.31999969,-2.5400000,
,,,47.36000061,-2.5400000,
,,,47.39999771,-2.5400000,
,,,47.43999863,-2.5400000,
,,,47.47999954,-2.5400000,
,,,47.52000046,-2.5400000,
,,,47.55999756,-2.5400000,
,,,47.59999847,-2.5400000,
,,,47.63999939,-2.5400000,
,,,47.68000031,-2.5400000,
,,,47.71999741,-2.5400000,
,,,47.75999832,-2.5400000,
,,,47.79999924,-2.5400000,
,,,47.84000015,-2.5400000,
,,,47.87999725,-2.5400000,
,,,47.91999817,-2.5400000,
,,,47.95999908,-2.5400000,
,,,48.00000000,-2.5400000,
,,,48.03999710,-2.5400000,
,,,48.07999802,-2.5400000,
,,,48.11999893,-2.5400000,
,,,48.15999985,-2.5400000,
,,,48.20000076,-2.5400000,
,,,48.23999786,-2.5400000,
,,,48.27999878,-2.5400000,
,,,48.31999969,-2.5400000,
,,,48.36000061,-2.5400000,
,,,48.39999771,-2.5400000,
,,,48.43999863,-2.5400000,
,,,48.47999954,-2.5400000,
,,,48.52000046,-2.5400000,
,,,48.55999756,-2.5400000,
,,,48.59999847,-2.5400000,
,,,48.63999939,-2.5400000,
,,,48.68000031,-2.5400000,
,,,48.71999741,-2.5400000,
,,,48.75999832,-2.5400000,
,,,48.79999924,-2.5400000,
,,,48.84000015,-2.5400000,
,,,48.87999725,-2.5400000,
,,,48.91999817,-2.5400000,
,,,48.95999908,-2.5400000,
,,,49.00000000,-2.5400000,
,,,49.03999710,-2.5400000,
,,,49.07999802,-2.5400000,
,,,49.11999893,-2.5400000,
,,,49.15999985,-2.5400000,
,,,49.20000076,-2.5400000,
,,,49.23999786,-2.5400000,
,,,49.27999878,-2.5400000,
,,,49.31999969,-2.5400000,
,,,49.36000061,-2.5400000,
,,,49.39999771,-2.5400000,
,,,49.43999863,-2.5400000,
,,,49.47999954,-2.5400000,
,,,49.52000046,-2.5400000,
,,,49.55999756,-2.5400000,
,,,49.59999847,-2.5400000,
,,,49.63999939,-2.5400000,
,,,49.68000031,-2.5400000,
,,,49.71999741,-2.5400000,
,,,49.75999832,-2.5400000,
,,,49.79999924,-2.5400000,
,,,49.84000015,-2.5400000,
,,,49.87999725,-2.5400000,
,,,49.91999817,-2.5400000,
,,,49.95999908,-2.5400000,
,,,50.00000000,-2.5400000,
,,,50.03999710,-2.5400000,
,,,50.07999802,-2.5400000,
,,,50.11999893,-2.5400000,
,,,50.15999985,-2.5400000,
,,,50.20000076,-2.5400000,
,,,50.23999786,-2.5400000,
,,,50.27999878,-2.5400000,
,,,50.31999969,-2.5400000,
,,,50.36000061,-2.5400000,
,,,50.39999771,-2.5400000,
,,,50.43999863,-2.5400000,
,,,50.47999954,-2.5400000,
,,,50.52000046,-2.5400000,
,,,50.55999756,-2.5400000,
,,,50.59999847,-2.5400000,
,,,50.63999939,-2.5400000,
,,,50.68000031,-2.5400000,
,,,50.71999741,-2.5400000,
,,,50.75999832,-2.5400000,
,,,50.79999924,-2.5400000,
,,,50.84000015,-2.5400000,
,,,50.87999725,-2.5400000,
,,,50.91999817,-2.5400000,
,,,50.95999908,-2.5400000,
,,,51.00000000,-2.5400000,
,,,51.03999710,-2.5400000,
,,,51.07999802,-2.5400000,
,,,51.11999893,-2.5400000,
,,,51.15999985,-2.5400000,
,,,51.19999695,-2.5400000,
,,,51.23999786,-2.5400000,
,,,51.27999878,-2.5400000,
,,,51.31999969,-2.5400000,
,,,51.36000061,-2.5400000,
,,,51.39999771,-2.5400000,
,,,51.43999863,-2.5400000,
,,,51.47999954,-2.5400000,
,,,51.52000046,-2.5400000,
,,,51.55999756,-2.5400000,
,,,51.59999847,-2.5400000,
,,,51.63999939,-2.5400000,
,,,51.68000031,-2.5400000,
,,,51.71999741,-2.5400000,
,,,51.75999832,-2.5400000,
,,,51.79999924,-2.5400000,
,,,51.84000015,-2.5400000,
,,,51.87999725,-2.5400000,
,,,51.91999817,-2.5400000,
,,,51.95999908,-2.5400000,
,,,52.00000000,-2.5400000,
,,,52.03999710,-2.5400000,
,,,52.07999802,-2.5400000,
,,,52.11999893,-2.5400000,
,,,52.15999985,-2.5400000,
,,,52.19999695,-2.5400000,
,,,52.23999786,-2.5400000,
,,,52.27999878,-2.5400000,
,,,52.31999969,-2.5400000,
,,,52.36000061,-2.5400000,
,,,52.39999771,-2.5400000,
,,,52.43999863,-2.5400000,
,,,52.47999954,-2.5400000,
,,,52.52000046,-2.5400000,
,,,52.55999756,-2.5400000,
,,,52.59999847,-2.5400000,
,,,52.63999939,-2.5400000,
,,,52.68000031,-2.5400000,
,,,52.71999741,-2.5400000,
,,,52.75999832,-2.5400000,
,,,52.79999924,-2.5400000,
,,,52.84000015,-2.5400000,
,,,52.87999725,-2.5400000,
,,,52.91999817,-2.5400000,
,,,52.95999908,-2.5400000,
,,,53.00000000,-2.5400000,
,,,53.03999710,-2.5400000,
,,,53.07999802,-2.5400000,
,,,53.11999893,-2.5400000,
,,,53.15999985,-2.5400000,
,,,53.19999695,-2.5400000,
,,,53.23999786,-2.5400000,
,,,53.27999878,-2.5400000,
,,,53.31999969,-2.5400000,
,,,53.36000061,-2.5400000,
,,,53.39999771,-2.5400000,
,,,53.43999863,-2.5400000,
,,,53.47999954,-2.5400000,
,,,53.52000046,-2.5400000,
,,,53.55999756,-2.5400000,
,,,53.59999847,-2.5400000,
,,,53.63999939,-2.5400000,
,,,53.68000031,-2.5400000,
,,,53.71999741,-2.5400000,
,,,53.75999832,-2.5400000,
,,,53.79999924,-2.5400000,
,,,53.84000015,-2.5400000,
,,,53.87999725,-2.5400000,
,,,53.91999817,-2.5400000,
,,,53.95999908,-2.5400000,
,,,54.00000000,-2.5400000,
,,,54.03999710,-2.5400000,
,,,54.07999802,-2.5400000,
,,,54.11999893,-2.5400000,
,,,54.15999985,-2.5400000,
,,,54.19999695,-2.5400000,
,,,54.23999786,-2.5400000,
,,,54.27999878,-2.5400000,
,,,54.31999969,-2.5400000,
,,,54.36000061,-2.5400000,
,,,54.39999771,-2.5400000,
,,,54.43999863,-2.5400000,
,,,54.47999954,-2.5400000,
,,,54.52000046,-2.5400000,
,,,54.55999756,-2.5400000,
,,,54.599998474,-2.5400000,
,,,54.639999390,-2.5400000,
,,,54.680000305,-2.5400000,
,,,54.719997406,-2.5400000,
,,,54.759998322,-2.5400000,
,,,54.799999237,-2.5400000,
,,,54.840000153,-2.5400000,
,,,54.879997253,-2.5400000,
,,,54.919998169,-2.5400000,
,,,54.959999084,-2.5400000,
,,,55.000000000,-2.5400000,
,,,55.039997101,-2.5400000,
,,,55.079998016,-2.5400000,
,,,55.119998932,-2.5400000,
,,,55.159999847,-2.5400000,
,,,55.199996948,-2.5400000,
,,,55.239997864,-2.5400000,
,,,55.279998779,-2.5400000,
,,,55.319999695,-2.5400000,
,,,55.360000610,-2.5400000,
,,,55.399997711,-2.5400000,
,,,55.439998627,-2.5400000,
,,,55.479999542,-2.5400000,
,,,55.520000458,-2.5400000,
,,,55.559997559,-2.5400000,
,,,55.599998474,-2.5400000,
,,,55.639999390,-2.5400000,
,,,55.680000305,-2.5400000,
,,,55.719997406,-2.5400000,
,,,55.759998322,-2.5400000,
,,,55.799999237,-2.5400000,
,,,55.840000153,-2.5400000,
,,,55.879997253,-2.5400000,
,,,55.919998169,-2.5400000,
,,,55.959999084,-2.5400000,
,,,56.000000000,-2.5400000,
,,,56.039997101,-2.5400000,
,,,56.079998016,-2.5400000,
,,,56.119998932,-2.5400000,
,,,56.159999847,-2.5400000,
,,,56.199996948,-2.5400000,
,,,56.239997864,-2.5400000,
,,,56.279998779,-2.5400000,
,,,56.319999695,-2.5400000,
,,,56.360000610,-2.5400000,
,,,56.399997711,-2.5400000,
,,,56.439998627,-2.5400000,
,,,56.479999542,-2.5400000,
,,,56.520000458,-2.5400000,
,,,56.559997559,-2.5400000,
,,,56.599998474,-2.5400000,
,,,56.639999390,-2.5400000,
,,,56.680000305,-2.5400000,
,,,56.719997406,-2.5400000,
,,,56.759998322,-2.5400000,
,,,56.799999237,-2.5400000,
,,,56.840000153,-2.5400000,
,,,56.879997253,-2.5400000,
,,,56.919998169,-2.5400000,
,,,56.959999084,-2.5400000,
,,,57.000000000,-2.5400000,
,,,57.039997101,-2.5400000,
,,,57.079998016,-2.5400000,
,,,57.119998932,-2.5400000,
,,,57.159999847,-2.5400000,
,,,57.199996948,-2.5400000,
,,,57.239997864,-2.5400000,
,,,57.279998779,-2.5400000,
,,,57.319999695,-2.5400000,
,,,57.360000610,-2.5400000,
,,,57.399997711,-2.5400000,
,,,57.439998627,-2.5400000,
,,,57.479999542,-2.5400000,
,,,57.520000458,-2.5400000,
,,,57.559997559,-2.5400000,
,,,57.599998474,-2.5400000,
,,,57.639999390,-2.5400000,
,,,57.680000305,-2.5400000,
,,,57.719997406,-2.5400000,
,,,57.759998322,-2.5400000,
,,,57.799999237,-2.5400000,
,,,57.840000153,-2.5400000,
,,,57.879997253,-2.5400000,
,,,57.919998169,-2.5400000,
,,,57.959999084,-2.5400000,
,,,58.000000000,-2.5400000,
,,,58.039997101,-2.5400000,
,,,58.079998016,-2.5400000,
,,,58.119998932,-2.5400000,
,,,58.159999847,-2.5400000,
,,,58.199996948,-2.5400000,
,,,58.239997864,-2.5400000,
,,,58.279998779,-2.5400000,
,,,58.319999695,-2.5400000,
,,,58.359996796,-2.5400000,
,,,58.399997711,-2.5400000,
,,,58.439998627,-2.5400000,
,,,58.479999542,-2.5400000,
,,,58.520000458,-2.5400000,
,,,58.559997559,-2.5400000,
,,,58.599998474,-2.5400000,
,,,58.639999390,-2.5400000,
,,,58.680000305,-2.5400000,
,,,58.719997406,-2.5400000,
,,,58.759998322,-2.5400000,
,,,58.799999237,-2.5400000,
,,,58.840000153,-2.5400000,
,,,58.879997253,-2.5400000,
,,,58.919998169,-2.5400000,
,,,58.959999084,-2.5400000,
,,,59.000000000,-2.5400000,
,,,59.039997101,-2.5400000,
,,,59.079998016,-2.5400000,
,,,59.119998932,-2.5400000,
,,,59.159999847,-2.5400000,
,,,59.199996948,-2.5400000,
,,,59.239997864,-2.5400000,
,,,59.279998779,-2.5400000,
,,,59.319999695,-2.5400000,
,,,59.359996796,-2.5400000,
,,,59.399997711,-2.5400000,
,,,59.439998627,-2.5400000,
,,,59.479999542,-2.5400000,
,,,59.520000458,-2.5400000,
,,,59.559997559,-2.5400000,
,,,59.599998474,-2.5400000,
,,,59.639999390,-2.5400000,
,,,59.680000305,-2.5400000,
,,,59.719997406,-2.5400000,
,,,59.759998322,-2.5400000,
,,,59.799999237,-2.5400000,
,,,59.840000153,-2.5400000,
,,,59.879997253,-2.5400000,
,,,59.919998169,-2.5400000,
,,,59.959999084,-2.5400000,
,,,60.000000000,-2.5400000,
,,,60.039997101,-2.5400000,
,,,60.079998016,-2.5400000,
,,,60.119998932,-2.5400000,
,,,60.159999847,-2.5400000,
,,,60.199996948,-2.5400000,
,,,60.239997864,-2.5400000,
,,,60.279998779,-2.5400000,
,,,60.319999695,-2.5400000,
,,,60.359996796,-2.5400000,
,,,60.399997711,-2.5400000,
,,,60.439998627,-2.5400000,
,,,60.479999542,-2.5400000,
,,,60.520000458,-2.5400000,
,,,60.559997559,-2.5400000,
,,,60.599998474,-2.5400000,
,,,60.639999390,-2.5400000,
,,,60.680000305,-2.5400000,
,,,60.719997406,-2.5400000,
,,,60.759998322,-2.5400000,
,,,60.799999237,-2.5400000,
,,,60.840000153,-2.5400000,
,,,60.879997253,-2.5400000,
,,,60.919998169,-2.5400000,
,,,60.959999084,-2.5400000,
,,,61.000000000,-2.5400000,
,,,61.039997101,-2.5400000,
,,,61.079998016,-2.5400000,
,,,61.119998932,-2.5400000,
,,,61.159999847,-2.5400000,
,,,61.199996948,-2.5400000,
,,,61.239997864,-2.5400000,
,,,61.279998779,-2.5400000,
,,,61.319999695,-2.5400000,
,,,61.359996796,-2.5400000,
,,,61.399997711,-2.5400000,
,,,61.439998627,-2.5400000,
,,,61.479999542,-2.5400000,
,,,61.520000458,-2.5400000,
,,,61.559997559,-2.5400000,
,,,61.599998474,-2.5400000,
,,,61.639999390,-2.5400000,
,,,61.680000305,-2.5400000,
,,,61.719997406,-2.5400000,
,,,61.759998322,-2.5400000,
,,,61.799999237,-2.5400000,
,,,61.840000153,-2.5400000,
,,,61.879997253,-2.5400000,
,,,61.919998169,-2.5400000,
,,,61.959999084,-2.5400000,
,,,62.000000000,-2.5400000,
,,,62.039997101,-2.5400000,
,,,62.079998016,-2.5400000,
,,,62.119998932,-2.5400000,
,,,62.159999847,-2.5400000,
,,,62.199996948,-2.5400000,
,,,62.239997864,-2.5400000,
,,,62.279998779,-2.5400000,
,,,62.319999695,-2.5400000,
,,,62.359996796,-2.5400000,
,,,62.399997711,-2.5400000,
,,,62.439998627,-2.5400000,
,,,62.479999542,-2.5400000,
,,,62.520000458,-2.5400000,
,,,62.559997559,-2.5400000,
,,,62.599998474,-2.5400000,
,,,62.639999390,-2.5400000,
,,,62.680000305,-2.5400000,
,,,62.719997406,-2.5400000,
,,,62.759998322,-2.5400000,
,,,62.799999237,-2.5400000,
,,,62.840000153,-2.5400000,
,,,62.879997253,-2.5400000,
,,,62.919998169,-2.5400000,
,,,62.959999084,-2.5400000,
,,,63.000000000,-2.5400000,
,,,63.039997101,-2.5400000,
,,,63.079998016,-2.5400000,
,,,63.119998932,-2.5400000,
,,,63.159999847,-2.5400000,
,,,63.199996948,-2.5400000,
,,,63.239997864,-2.5400000,
,,,63.279998779,-2.5400000,
,,,63.319999695,-2.5400000,
,,,63.359996796,-2.5400000,
,,,63.399997711,-2.5400000,
,,,63.439998627,-2.5400000,
,,,63.479999542,-2.5400000,
,,,63.520000458,-2.5400000,
,,,63.559997559,-2.5400000,
,,,63.599998474,-2.5400000,
,,,63.639999390,-2.5400000,
,,,63.680000305,-2.5400000,
,,,63.719997406,-2.5400000,
,,,63.759998322,-2.5400000,
,,,63.799999237,-2.5400000,
,,,63.840000153,-2.5400000,
,,,63.879997253,-2.5400000,
,,,63.919998169,-2.5400000,
,,,63.959999084,-2.5400000,
,,,64.000000000,-2.5400000,
,,,64.040000916,-2.5400000,
,,,64.080001831,-2.5400000,
,,,64.119995117,-2.5400000,
,,,64.159996033,-2.5400000,
,,,64.199996948,-2.5400000,
,,,64.239997864,-2.5400000,
,,,64.279998779,-2.5400000,
,,,64.319999695,-2.5400000,
,,,64.360000610,-2.5400000,
,,,64.400001526,-2.5400000,
,,,64.439994812,-2.5400000,
,,,64.479995728,-2.5400000,
,,,64.519996643,-2.5400000,
,,,64.559997559,-2.5400000,
,,,64.599998474,-2.5400000,
,,,64.639999390,-2.5400000,
,,,64.680000305,-2.5400000,
,,,64.720001221,-2.5400000,
,,,64.760002136,-2.5400000,
,,,64.799995422,-2.5400000,
,,,64.839996338,-2.5400000,
,,,64.879997253,-2.5400000,
,,,64.919998169,-2.5400000,
,,,64.959999084,-2.5400000,
,,,65.000000000,-2.5400000,
,,,65.040000916,-2.5400000,
,,,65.080001831,-2.5400000,
,,,65.119995117,-2.5400000,
,,,65.159996033,-2.5400000,
,,,65.199996948,-2.5400000,
,,,65.239997864,-2.5400000,
,,,65.279998779,-2.5400000,
,,,65.319999695,-2.5400000,
,,,65.360000610,-2.5400000,
,,,65.400001526,-2.5400000,
,,,65.439994812,-2.5400000,
,,,65.479995728,-2.5400000,
,,,65.519996643,-2.5400000,
,,,65.559997559,-2.5400000,
,,,65.599998474,-2.5400000,
,,,65.639999390,-2.5400000,
,,,65.680000305,-2.5400000,
,,,65.720001221,-2.5400000,
,,,65.760002136,-2.5400000,
,,,65.799995422,-2.5400000,
,,,65.839996338,-2.5400000,
,,,65.879997253,-2.5400000,
,,,65.919998169,-2.5400000,
,,,65.959999084,-2.5400000,
,,,66.000000000,-2.5400000,
,,,66.040000916,-2.5400000,
,,,66.080001831,-2.5400000,
,,,66.119995117,-2.5400000,
,,,66.159996033,-2.5400000,
,,,66.199996948,-2.5400000,
,,,66.239997864,-2.5400000,
,,,66.279998779,-2.5400000,
,,,66.319999695,-2.5400000,
,,,66.360000610,-2.5400000,
,,,66.400001526,-2.5400000,
,,,66.439994812,-2.5400000,
,,,66.479995728,-2.5400000,
,,,66.519996643,-2.5400000,
,,,66.559997559,-2.5400000,
,,,66.599998474,-2.5400000,
,,,66.639999390,-2.5400000,
,,,66.680000305,-2.5400000,
,,,66.720001221,-2.5400000,
,,,66.760002136,-2.5400000,
,,,66.799995422,-2.5400000,
,,,66.839996338,-2.5400000,
,,,66.879997253,-2.5400000,
,,,66.919998169,-2.5400000,
,,,66.959999084,-2.5400000,
,,,67.000000000,-2.5400000,
,,,67.040000916,-2.5400000,
,,,67.080001831,-2.5400000,
,,,67.119995117,-2.5400000,
,,,67.159996033,-2.5400000,
,,,67.199996948,-2.5400000,
,,,67.239997864,-2.5400000,
,,,67.279998779,-2.5400000,
,,,67.319999695,-2.5400000,
,,,67.360000610,-2.5400000,
,,,67.400001526,-2.5400000,
,,,67.439994812,-2.5400000,
,,,67.479995728,-2.5400000,
,,,67.519996643,-2.5400000,
,,,67.559997559,-2.5400000,
,,,67.599998474,-2.5400000,
,,,67.639999390,-2.5400000,
,,,67.680000305,-2.5400000,
,,,67.720001221,-2.5400000,
,,,67.760002136,-2.5400000,
,,,67.799995422,-2.5400000,
,,,67.839996338,-2.5400000,
,,,67.879997253,-2.5400000,
,,,67.919998169,-2.5400000,
,,,67.959999084,-2.5400000,
,,,68.000000000,-2.5400000,
,,,68.040000916,-2.5400000,
,,,68.080001831,-2.5400000,
,,,68.119995117,-2.5400000,
,,,68.159996033,-2.5400000,
,,,68.199996948,-2.5400000,
,,,68.239997864,-2.5400000,
,,,68.279998779,-2.5400000,
,,,68.319999695,-2.5400000,
,,,68.360000610,-2.5400000,
,,,68.400001526,-2.5400000,
,,,68.439994812,-2.5400000,
,,,68.479995728,-2.5400000,
,,,68.519996643,-2.5400000,
,,,68.559997559,-2.5400000,
,,,68.599998474,-2.5400000,
,,,68.639999390,-2.5400000,
,,,68.680000305,-2.5400000,
,,,68.720001221,-2.5400000,
,,,68.760002136,-2.5400000,
,,,68.799995422,-2.5400000,
,,,68.839996338,-2.5400000,
,,,68.879997253,-2.5400000,
,,,68.919998169,-2.5400000,
,,,68.959999084,-2.5400000,
,,,69.000000000,-2.5400000,
,,,69.040000916,-2.5400000,
,,,69.080001831,-2.5400000,
,,,69.119995117,-2.5400000,
,,,69.159996033,-2.5400000,
,,,69.199996948,-2.5400000,
,,,69.239997864,-2.5400000,
,,,69.279998779,-2.5400000,
,,,69.319999695,-2.5400000,
,,,69.360000610,-2.5400000,
,,,69.400001526,-2.5400000,
,,,69.439994812,-2.5400000,
,,,69.479995728,-2.5400000,
,,,69.519996643,-2.5400000,
,,,69.559997559,-2.5400000,
,,,69.599998474,-2.5400000,
,,,69.639999390,-2.5400000,
,,,69.680000305,-2.5400000,
,,,69.720001221,-2.5400000,
,,,69.760002136,-2.5400000,
,,,69.799995422,-2.5400000,
,,,69.839996338,-2.5400000,
,,,69.879997253,-2.5400000,
,,,69.919998169,-2.5400000,
,,,69.959999084,-2.5400000,
,,,70.000000000,-2.5400000,
,,,70.040000916,-2.5400000,
,,,70.080001831,-2.5400000,
,,,70.119995117,-2.5400000,
,,,70.159996033,-2.5400000,
,,,70.199996948,-2.5400000,
,,,70.239997864,-2.5400000,
,,,70.279998779,-2.5400000,
,,,70.319999695,-2.5400000,
,,,70.360000610,-2.5400000,
,,,70.400001526,-2.5400000,
,,,70.439994812,-2.5400000,
,,,70.479995728,-2.5400000,
,,,70.519996643,-2.5400000,
,,,70.559997559,-2.5400000,
,,,70.599998474,-2.5400000,
,,,70.639999390,-2.5400000,
,,,70.680000305,-2.5400000,
,,,70.720001221,-2.5400000,
,,,70.760002136,-2.5400000,
,,,70.799995422,-2.5400000,
,,,70.839996338,-2.5400000,
,,,70.879997253,-2.5400000,
,,,70.919998169,-2.5400000,
,,,70.959999084,-2.5400000,
,,,71.000000000,-2.5400000,
,,,71.040000916,-2.5400000,
,,,71.080001831,-2.5400000,
,,,71.119995117,-2.5400000,
,,,71.159996033,-2.5400000,
,,,71.199996948,-2.5400000,
,,,71.239997864,-2.5400000,
,,,71.279998779,-2.5400000,
,,,71.319999695,-2.5400000,
,,,71.360000610,-2.5400000,
,,,71.400001526,-2.5400000,
,,,71.439994812,-2.5400000,
,,,71.479995728,-2.5400000,
,,,71.519996643,-2.5400000,
,,,71.559997559,-2.5400000,
,,,71.599998474,-2.5400000,
,,,71.639999390,-2.5400000,
,,,71.680000305,-2.5400000,
,,,71.720001221,-2.5400000,
,,,71.760002136,-2.5400000,
,,,71.799995422,-2.5400000,
,,,71.839996338,-2.5400000,
,,,71.879997253,-2.5400000,
,,,71.919998169,-2.5400000,
,,,71.959999084,-2.5400000,
,,,72.000000000,-2.5400000,
,,,72.040000916,-2.5400000,
,,,72.080001831,-2.5400000,
,,,72.119995117,-2.5400000,
,,,72.159996033,-2.5400000,
,,,72.199996948,-2.5400000,
,,,72.239997864,-2.5400000,
,,,72.279998779,-2.5400000,
,,,72.319999695,-2.5400000,
,,,72.360000610,-2.5400000,
,,,72.400001526,-2.5400000,
,,,72.439994812,-2.5400000,
,,,72.479995728,-2.5400000,
,,,72.519996643,-2.5400000,
,,,72.559997559,-2.5400000,
,,,72.599998474,-2.5400000,
,,,72.639999390,-2.5400000,
,,,72.680000305,-2.5400000,
,,,72.720001221,-2.5400000,
,,,72.760002136,-2.5400000,
,,,72.799995422,-2.5400000,
,,,72.839996338,-2.5400000,
,,,72.879997253,-2.5400000,
,,,72.919998169,-2.5400000,
,,,72.959999084,-2.5400000,
,,,73.000000000,-2.5400000,
,,,73.040000916,-2.5400000,
,,,73.080001831,-2.5400000,
,,,73.119995117,-2.5400000,
,,,73.159996033,-2.5400000,
,,,73.199996948,-2.5400000,
,,,73.239997864,-2.5400000,
,,,73.279998779,-2.5400000,
,,,73.319999695,-2.5400000,
,,,73.360000610,-2.5400000,
,,,73.400001526,-2.5400000,
,,,73.439994812,-2.5400000,
,,,73.479995728,-2.5400000,
,,,73.519996643,-2.5400000,
,,,73.559997559,-2.5400000,
,,,73.599998474,-2.5400000,
,,,73.639999390,-2.5400000,
,,,73.680000305,-2.5400000,
,,,73.720001221,-2.5400000,
,,,73.760002136,-2.5400000,
,,,73.799995422,-2.5400000,
,,,73.839996338,-2.5400000,
,,,73.879997253,-2.5400000,
,,,73.919998169,-2.5400000,
,,,73.959999084,-2.5400000,
,,,74.000000000,-2.5400000,
,,,74.040000916,-2.5400000,
,,,74.080001831,-2.5400000,
,,,74.119995117,-2.5400000,
,,,74.159996033,-2.5400000,
,,,74.199996948,-2.5400000,
,,,74.239997864,-2.5400000,
,,,74.279998779,-2.5400000,
,,,74.319999695,-2.5400000,
,,,74.360000610,-2.5400000,
,,,74.400001526,-2.5400000,
,,,74.439994812,-2.5400000,
,,,74.479995728,-2.5400000,
,,,74.519996643,-2.5400000,
,,,74.559997559,-2.5400000,
,,,74.599998474,-2.5400000,
,,,74.639999390,-2.5400000,
,,,74.680000305,-2.5400000,
,,,74.720001221,-2.5400000,
,,,74.760002136,-2.5400000,
,,,74.799995422,-2.5400000,
,,,74.839996338,-2.5400000,
,,,74.879997253,-2.5400000,
,,,74.919998169,-2.5400000,
,,,74.959999084,-2.5400000,
,,,75.000000000,-2.5400000,
,,,75.040000916,-2.5400000,
,,,75.080001831,-2.5400000,
,,,75.119995117,-2.5400000,
,,,75.159996033,-2.5400000,
,,,75.199996948,-2.5400000,
,,,75.239997864,-2.5400000,
,,,75.279998779,-2.5400000,
,,,75.319999695,-2.5400000,
,,,75.360000610,-2.5400000,
,,,75.400001526,-2.5400000,
,,,75.439994812,-2.5400000,
,,,75.479995728,-2.5400000,
,,,75.519996643,-2.5400000,
,,,75.559997559,-2.5400000,
,,,75.599998474,-2.5400000,
,,,75.639999390,-2.5400000,
,,,75.680000305,-2.5400000,
,,,75.720001221,-2.5400000,
,,,75.759994507,-2.5400000,
,,,75.799995422,-2.5400000,
,,,75.839996338,-2.5400000,
,,,75.879997253,-2.5400000,
,,,75.919998169,-2.5400000,
,,,75.959999084,-2.5400000,
,,,76.000000000,-2.5400000,
,,,76.040000916,-2.5400000,
,,,76.080001831,-2.5400000,
,,,76.119995117,-2.5400000,
,,,76.159996033,-2.5400000,
,,,76.199996948,-2.5400000,
,,,76.239997864,-2.5400000,
,,,76.279998779,-2.5400000,
,,,76.319999695,-2.5400000,
,,,76.360000610,-2.5400000,
,,,76.400001526,-2.5400000,
,,,76.439994812,-2.5400000,
,,,76.479995728,-2.5400000,
,,,76.519996643,-2.5400000,
,,,76.559997559,-2.5400000,
,,,76.599998474,-2.5400000,
,,,76.639999390,-2.5400000,
,,,76.680000305,-2.5400000,
,,,76.720001221,-2.5400000,
,,,76.759994507,-2.5400000,
,,,76.799995422,-2.5400000,
,,,76.839996338,-2.5400000,
,,,76.879997253,-2.5400000,
,,,76.919998169,-2.5400000,
,,,76.959999084,-2.5400000,
,,,77.000000000,-2.5400000,
,,,77.040000916,-2.5400000,
,,,77.080001831,-2.5400000,
,,,77.119995117,-2.5400000,
,,,77.159996033,-2.5400000,
,,,77.199996948,-2.5400000,
,,,77.239997864,-2.5400000,
,,,77.279998779,-2.5400000,
,,,77.319999695,-2.5400000,
,,,77.360000610,-2.5400000,
,,,77.400001526,-2.5400000,
,,,77.439994812,-2.5400000,
,,,77.479995728,-2.5400000,
,,,77.519996643,-2.5400000,
,,,77.559997559,-2.5400000,
,,,77.599998474,-2.5400000,
,,,77.639999390,-2.5400000,
,,,77.680000305,-2.5400000,
,,,77.720001221,-2.5400000,
,,,77.759994507,-2.5400000,
,,,77.799995422,-2.5400000,
,,,77.839996338,-2.5400000,
,,,77.879997253,-2.5400000,
,,,77.919998169,-2.5400000,
,,,77.959999084,-2.5400000,
,,,78.000000000,-2.5400000,
,,,78.040000916,-2.5400000,
,,,78.080001831,-2.5400000,
,,,78.119995117,-2.5400000,
,,,78.159996033,-2.5400000,
,,,78.199996948,-2.5400000,
,,,78.239997864,-2.5400000,
,,,78.279998779,-2.5400000,
,,,78.319999695,-2.5400000,
,,,78.360000610,-2.5400000,
,,,78.400001526,-2.5400000,
,,,78.439994812,-2.5400000,
,,,78.479995728,-2.5400000,
,,,78.519996643,-2.5400000,
,,,78.559997559,-2.5400000,
,,,78.599998474,-2.5400000,
,,,78.639999390,-2.5400000,
,,,78.680000305,-2.5400000,
,,,78.720001221,-2.5400000,
,,,78.759994507,-2.5400000,
,,,78.799995422,-2.5400000,
,,,78.839996338,-2.5400000,
,,,78.879997253,-2.5400000,
,,,78.919998169,-2.5400000,
,,,78.959999084,-2.5400000,
,,,79.000000000,-2.5400000,
,,,79.040000916,-2.5400000,
,,,79.080001831,-2.5400000,
,,,79.119995117,-2.5400000,
,,,79.159996033,-2.5400000,
,,,79.199996948,-2.5400000,
,,,79.239997864,-2.5400000,
,,,79.279998779,-2.5400000,
,,,79.319999695,-2.5400000,
,,,79.360000610,-2.5400000,
,,,79.400001526,-2.5400000,
,,,79.439994812,-2.5400000,
,,,79.479995728,-2.5400000,
,,,79.519996643,-2.5400000,
,,,79.559997559,-2.5400000,
,,,79.599998474,-2.5400000,
,,,79.639999390,-2.5400000,
,,,79.680000305,-2.5400000,
,,,79.720001221,-2.5400000,
,,,79.759994507,-2.5400000,
,,,79.799995422,-2.5400000,
,,,79.839996338,-2.5400000,
,,,79.879997253,-2.5400000,
,,,79.919998169,-2.5400000,
,,,79.959999084,-2.5400000,
,,,80.000000000,-2.5400000,
,,,80.040000916,-2.5400000,
,,,80.080001831,-2.5400000,
,,,80.119995117,-2.5400000,
,,,80.159996033,-2.5400000,
,,,80.199996948,-2.5400000,
,,,80.239997864,-2.5400000,
,,,80.279998779,-2.5400000,
,,,80.319999695,-2.5400000,
,,,80.360000610,-2.5400000,
,,,80.400001526,-2.5400000,
,,,80.439994812,-2.5400000,
,,,80.479995728,-2.5400000,
,,,80.519996643,-2.5400000,
,,,80.559997559,-2.5400000,
,,,80.599998474,-2.5400000,
,,,80.639999390,-2.5400000,
,,,80.680000305,-2.5400000,
,,,80.720001221,-2.5400000,
,,,80.759994507,-2.5400000,
,,,80.799995422,-2.5400000,
,,,80.839996338,-2.5400000,
,,,80.879997253,-2.5400000,
,,,80.919998169,-2.5400000,
,,,80.959999084,-2.5400000,
,,,81.000000000,-2.5400000,
,,,81.040000916,-2.5400000,
,,,81.080001831,-2.5400000,
,,,81.119995117,-2.5400000,
,,,81.159996033,-2.5400000,
,,,81.199996948,-2.5400000,
,,,81.239997864,-2.5400000,
,,,81.279998779,-2.5400000,
,,,81.319999695,-2.5400000,
,,,81.360000610,-2.5400000,
,,,81.400001526,-2.5400000,
,,,81.439994812,-2.5400000,
,,,81.479995728,-2.5400000,
,,,81.519996643,-2.5400000,
,,,81.559997559,-2.5400000,
,,,81.599998474,-2.5400000,
,,,81.639999390,-2.5400000,
,,,81.680000305,-2.5400000,
,,,81.720001221,-2.5400000,
,,,81.759994507,-2.5400000,
,,,81.799995422,-2.5400000,
,,,81.839996338,-2.5400000,
,,,81.879997253,-2.5400000,
,,,81.919998169,-2.5400000,
,,,81.959999084,-2.5400000,
,,,82.000000000,-2.5400000,
,,,82.040000916,-2.5400000,
,,,82.080001831,-2.5400000,
,,,82.119995117,-2.5400000,
,,,82.159996033,-2.5400000,
,,,82.199996948,-2.5400000,
,,,82.239997864,-2.5400000,
,,,82.279998779,-2.5400000,
,,,82.319999695,-2.5400000,
,,,82.360000610,-2.5400000,
,,,82.400001526,-2.5400000,
,,,82.439994812,-2.5400000,
,,,82.479995728,-2.5400000,
,,,82.519996643,-2.5400000,
,,,82.559997559,-2.5400000,
,,,82.599998474,-2.5400000,
,,,82.639999390,-2.5400000,
,,,82.680000305,-2.5400000,
,,,82.720001221,-2.5400000,
,,,82.759994507,-2.5400000,
,,,82.799995422,-2.5400000,
,,,82.839996338,-2.5400000,
,,,82.879997253,-2.5400000,
,,,82.919998169,-2.5400000,
,,,82.959999084,-2.5400000,
,,,83.000000000,-2.5400000,
,,,83.040000916,-2.5400000,
,,,83.080001831,-2.5400000,
,,,83.119995117,-2.5400000,
,,,83.159996033,-2.5400000,
,,,83.199996948,-2.5400000,
,,,83.239997864,-2.5400000,
,,,83.279998779,-2.5400000,
,,,83.319999695,-2.5400000,
,,,83.360000610,-2.5400000,
,,,83.400001526,-2.5400000,
,,,83.439994812,-2.5400000,
,,,83.479995728,-2.5400000,
,,,83.519996643,-2.5400000,
,,,83.559997559,-2.5400000,
,,,83.599998474,-2.5400000,
,,,83.639999390,-2.5400000,
,,,83.680000305,-2.5400000,
,,,83.720001221,-2.5400000,
,,,83.759994507,-2.5400000,
,,,83.799995422,-2.5400000,
,,,83.839996338,-2.5400000,
,,,83.879997253,-2.5400000,
,,,83.919998169,-2.5400000,
,,,83.959999084,-2.5400000,
,,,84.000000000,-2.5400000,
,,,84.040000916,-2.5400000,
,,,84.080001831,-2.5400000,
,,,84.119995117,-2.5400000,
,,,84.159996033,-2.5400000,
,,,84.199996948,-2.5400000,
,,,84.239997864,-2.5400000,
,,,84.279998779,-2.5400000,
,,,84.319999695,-2.5400000,
,,,84.360000610,-2.5400000,
,,,84.400001526,-2.5400000,
,,,84.439994812,-2.5400000,
,,,84.479995728,-2.5400000,
,,,84.519996643,-2.5400000,
,,,84.559997559,-2.5400000,
,,,84.599998474,-2.5400000,
,,,84.639999390,-2.5400000,
,,,84.680000305,-2.5400000,
,,,84.720001221,-2.5400000,
,,,84.759994507,-2.5400000,
,,,84.799995422,-2.5400000,
,,,84.839996338,-2.5400000,
,,,84.879997253,-2.5400000,
,,,84.919998169,-2.5400000,
,,,84.959999084,-2.5400000,
,,,85.000000000,-2.5400000,
,,,85.040000916,-2.5400000,
,,,85.080001831,-2.5400000,
,,,85.119995117,-2.5400000,
,,,85.159996033,-2.5400000,
,,,85.199996948,-2.5400000,
,,,85.239997864,-2.5400000,
,,,85.279998779,-2.5400000,
,,,85.319999695,-2.5400000,
,,,85.360000610,-2.5400000,
,,,85.400001526,-2.5400000,
,,,85.439994812,-2.5400000,
,,,85.479995728,-2.5400000,
,,,85.519996643,-2.5400000,
,,,85.559997559,-2.5400000,
,,,85.599998474,-2.5400000,
,,,85.639999390,-2.5400000,
,,,85.680000305,-2.5400000,
,,,85.720001221,-2.5400000,
,,,85.759994507,-2.5400000,
,,,85.799995422,-2.5400000,
,,,85.839996338,-2.5400000,
,,,85.879997253,-2.5400000,
,,,85.919998169,-2.5400000,
,,,85.959999084,-2.5400000,
,,,86.000000000,-2.5400000,
,,,86.040000916,-2.5400000,
,,,86.080001831,-2.5400000,
,,,86.119995117,-2.5400000,
,,,86.159996033,-2.5400000,
,,,86.199996948,-2.5400000,
,,,86.239997864,-2.5400000,
,,,86.279998779,-2.5400000,
,,,86.319999695,-2.5400000,
,,,86.360000610,-2.5400000,
,,,86.400001526,-2.5400000,
,,,86.439994812,-2.5400000,
,,,86.479995728,-2.5400000,
,,,86.519996643,-2.5400000,
,,,86.559997559,-2.5400000,
,,,86.599998474,-2.5400000,
,,,86.639999390,-2.5400000,
,,,86.680000305,-2.5400000,
,,,86.720001221,-2.5400000,
,,,86.759994507,-2.5400000,
,,,86.799995422,-2.5400000,
,,,86.839996338,-2.5400000,
,,,86.879997253,-2.5400000,
,,,86.919998169,-2.5400000,
,,,86.959999084,-2.5400000,
,,,87.000000000,-2.5400000,
,,,87.040000916,-2.5400000,
,,,87.080001831,-2.5400000,
,,,87.119995117,-2.5400000,
,,,87.159996033,-2.5400000,
,,,87.199996948,-2.5400000,
,,,87.239997864,-2.5400000,
,,,87.279998779,-2.5400000,
,,,87.319999695,-2.5400000,
,,,87.360000610,-2.5400000,
,,,87.400001526,-2.5400000,
,,,87.439994812,-2.5400000,
,,,87.479995728,-2.5400000,
,,,87.519996643,-2.5400000,
,,,87.559997559,-2.5400000,
,,,87.599998474,-2.5400000,
,,,87.639999390,-2.5400000,
,,,87.680000305,-2.5400000,
,,,87.720001221,-2.5400000,
,,,87.759994507,-2.5400000,
,,,87.799995422,-2.5400000,
,,,87.839996338,-2.5400000,
,,,87.879997253,-2.5400000,
,,,87.919998169,-2.5400000,
,,,87.959999084,-2.5400000,
,,,88.000000000,-2.5400000,
,,,88.040000916,-2.5400000,
,,,88.080001831,-2.5400000,
,,,88.119995117,-2.5400000,
,,,88.159996033,-2.5400000,
,,,88.199996948,-2.5400000,
,,,88.239997864,-2.5400000,
,,,88.279998779,-2.5400000,
,,,88.319999695,-2.5400000,
,,,88.360000610,-2.5400000,
,,,88.400001526,-2.5400000,
,,,88.439994812,-2.5400000,
,,,88.479995728,-2.5400000,
,,,88.519996643,-2.5400000,
,,,88.559997559,-2.5400000,
,,,88.599998474,-2.5400000,
,,,88.639999390,-2.5400000,
,,,88.680000305,-2.5400000,
,,,88.720001221,-2.5400000,
,,,88.759994507,-2.5400000,
,,,88.799995422,-2.5400000,
,,,88.839996338,-2.5400000,
,,,88.879997253,-2.5400000,
,,,88.919998169,-2.5400000,
,,,88.959999084,-2.5400000,
,,,89.000000000,-2.5400000,
,,,89.040000916,-2.5400000,
,,,89.079994202,-2.5400000,
,,,89.119995117,-2.5400000,
,,,89.159996033,-2.5400000,
,,,89.199996948,-2.5400000,
,,,89.239997864,-2.5400000,
,,,89.279998779,-2.5400000,
,,,89.319999695,-2.5400000,
,,,89.360000610,-2.5400000,
,,,89.400001526,-2.5400000,
,,,89.439994812,-2.5400000,
,,,89.479995728,-2.5400000,
,,,89.519996643,-2.5400000,
,,,89.559997559,-2.5400000,
,,,89.599998474,-2.5400000,
,,,89.639999390,-2.5400000,
,,,89.680000305,-2.5400000,
,,,89.720001221,-2.5400000,
,,,89.759994507,-2.5400000,
,,,89.799995422,-2.5400000,
,,,89.839996338,-2.5400000,
,,,89.879997253,-2.5400000,
,,,89.919998169,-2.5400000,
,,,89.959999084,-2.5400000,
,,,90.000000000,-2.5400000,
,,,90.040000916,-2.5400000,
,,,90.079994202,-2.5400000,
,,,90.119995117,-2.5400000,
,,,90.159996033,-2.5400000,
,,,90.199996948,-2.5400000,
,,,90.239997864,-2.5400000,
,,,90.279998779,-2.5400000,
,,,90.319999695,-2.5400000,
,,,90.360000610,-2.5400000,
,,,90.400001526,-2.5400000,
,,,90.439994812,-2.5400000,
,,,90.479995728,-2.5400000,
,,,90.519996643,-2.5400000,
,,,90.559997559,-2.5400000,
,,,90.599998474,-2.5400000,
,,,90.639999390,-2.5400000,
,,,90.680000305,-2.5400000,
,,,90.720001221,-2.5400000,
,,,90.759994507,-2.5400000,
,,,90.799995422,-2.5400000,
,,,90.839996338,-2.5400000,
,,,90.879997253,-2.5400000,
,,,90.919998169,-2.5400000,
,,,90.959999084,-2.5400000,
,,,91.000000000,-2.5400000,
,,,91.040000916,-2.5400000,
,,,91.079994202,-2.5400000,
,,,91.119995117,-2.5400000,
,,,91.159996033,-2.5400000,
,,,91.199996948,-2.5400000,
,,,91.239997864,-2.5400000,
,,,91.279998779,-2.5400000,
,,,91.319999695,-2.5400000,
,,,91.360000610,-2.5400000,
,,,91.400001526,-2.5400000,
,,,91.439994812,-2.5400000,
,,,91.479995728,-2.5400000,
,,,91.519996643,-2.5400000,
,,,91.559997559,-2.5400000,
,,,91.599998474,-2.5400000,
,,,91.639999390,-2.5400000,
,,,91.680000305,-2.5400000,
,,,91.720001221,-2.5400000,
,,,91.759994507,-2.5400000,
,,,91.799995422,-2.5400000,
,,,91.839996338,-2.5400000,
,,,91.879997253,-2.5400000,
,,,91.919998169,-2.5400000,
,,,91.959999084,-2.5400000,
,,,92.000000000,-2.5400000,
,,,92.040000916,-2.5400000,
,,,92.079994202,-2.5400000,
,,,92.119995117,-2.5400000,
,,,92.159996033,-2.5400000,
,,,92.199996948,-2.5400000,
,,,92.239997864,-2.5400000,
,,,92.279998779,-2.5400000,
,,,92.319999695,-2.5400000,
,,,92.360000610,-2.5400000,
,,,92.400001526,-2.5400000,
,,,92.439994812,-2.5400000,
,,,92.479995728,-2.5400000,
,,,92.519996643,-2.5400000,
,,,92.559997559,-2.5400000,
,,,92.599998474,-2.5400000,
,,,92.639999390,-2.5400000,
,,,92.680000305,-2.5400000,
,,,92.720001221,-2.5400000,
,,,92.759994507,-2.5400000,
,,,92.799995422,-2.5400000,
,,,92.839996338,-2.5400000,
,,,92.879997253,-2.5400000,
,,,92.919998169,-2.5400000,
,,,92.959999084,-2.5400000,
,,,93.000000000,-2.5400000,
,,,93.040000916,-2.5400000,
,,,93.079994202,-2.5400000,
,,,93.119995117,-2.5400000,
,,,93.159996033,-2.5400000,
,,,93.199996948,-2.5400000,
,,,93.239997864,-2.5400000,
,,,93.279998779,-2.5400000,
,,,93.319999695,-2.5400000,
,,,93.360000610,-2.5400000,
,,,93.400001526,-2.5400000,
,,,93.439994812,-2.5400000,
,,,93.479995728,-2.5400000,
,,,93.519996643,-2.5400000,
,,,93.559997559,-2.5400000,
,,,93.599998474,-2.5400000,
,,,93.639999390,-2.5400000,
,,,93.680000305,-2.5400000,
,,,93.720001221,-2.5400000,
,,,93.759994507,-2.5400000,
,,,93.799995422,-2.5400000,
,,,93.839996338,-2.5400000,
,,,93.879997253,-2.5400000,
,,,93.919998169,-2.5400000,
,,,93.959999084,-2.5400000,
,,,94.000000000,-2.5400000,
,,,94.040000916,-2.5400000,
,,,94.079994202,-2.5400000,
,,,94.119995117,-2.5400000,
,,,94.159996033,-2.5400000,
,,,94.199996948,-2.5400000,
,,,94.239997864,-2.5400000,
,,,94.279998779,-2.5400000,
,,,94.319999695,-2.5400000,
,,,94.360000610,-2.5400000,
,,,94.400001526,-2.5400000,
,,,94.439994812,-2.5400000,
,,,94.479995728,-2.5400000,
,,,94.519996643,-2.5400000,
,,,94.559997559,-2.5400000,
,,,94.599998474,-2.5400000,
,,,94.639999390,-2.5400000,
,,,94.680000305,-2.5400000,
,,,94.720001221,-2.5400000,
,,,94.759994507,-2.5400000,
,,,94.799995422,-2.5400000,
,,,94.839996338,-2.5400000,
,,,94.879997253,-2.5400000,
,,,94.919998169,-2.5400000,
,,,94.959999084,-2.5400000,
,,,95.000000000,-2.5400000,
,,,95.040000916,-2.5400000,
,,,95.079994202,-2.5400000,
,,,95.119995117,-2.5400000,
,,,95.159996033,-2.5400000,
,,,95.199996948,-2.5400000,
,,,95.239997864,-2.5400000,
,,,95.279998779,-2.5400000,
,,,95.319999695,-2.5400000,
,,,95.360000610,-2.5400000,
,,,95.400001526,-2.5400000,
,,,95.439994812,-2.5400000,
,,,95.479995728,-2.5400000,
,,,95.519996643,-2.5400000,
,,,95.559997559,-2.5400000,
,,,95.599998474,-2.5400000,
,,,95.639999390,-2.5400000,
,,,95.680000305,-2.5400000,
,,,95.720001221,-2.5400000,
,,,95.759994507,-2.5400000,
,,,95.799995422,-2.5400000,
,,,95.839996338,-2.5400000,
,,,95.879997253,-2.5400000,
,,,95.919998169,-2.5400000,
,,,95.959999084,-2.5400000,
,,,96.000000000,-2.5400000,
,,,96.040000916,-2.5400000,
,,,96.079994202,-2.5400000,
,,,96.119995117,-2.5400000,
,,,96.159996033,-2.5400000,
,,,96.199996948,-2.5400000,
,,,96.239997864,-2.5400000,
,,,96.279998779,-2.5400000,
,,,96.319999695,-2.5400000,
,,,96.360000610,-2.5400000,
,,,96.400001526,-2.5400000,
,,,96.439994812,-2.5400000,
,,,96.479995728,-2.5400000,
,,,96.519996643,-2.5400000,
,,,96.559997559,-2.5400000,
,,,96.599998474,-2.5400000,
,,,96.639999390,-2.5400000,
,,,96.680000305,-2.5400000,
,,,96.720001221,-2.5400000,
,,,96.759994507,-2.5400000,
,,,96.799995422,-2.5400000,
,,,96.839996338,-2.5400000,
,,,96.879997253,-2.5400000,
,,,96.919998169,-2.5400000,
,,,96.959999084,-2.5400000,
,,,97.000000000,-2.5400000,
,,,97.040000916,-2.5400000,
,,,97.079994202,-2.5400000,
,,,97.119995117,-2.5400000,
,,,97.159996033,-2.5400000,
,,,97.199996948,-2.5400000,
,,,97.239997864,-2.5400000,
,,,97.279998779,-2.5400000,
,,,97.319999695,-2.5400000,
,,,97.360000610,-2.5400000,
,,,97.400001526,-2.5400000,
,,,97.439994812,-2.5400000,
,,,97.479995728,-2.5400000,
,,,97.519996643,-2.5400000,
,,,97.559997559,-2.5400000,
,,,97.599998474,-2.5400000,
,,,97.639999390,-2.5400000,
,,,97.680000305,-2.5400000,
,,,97.720001221,-2.5400000,
,,,97.759994507,-2.5400000,
,,,97.799995422,-2.5400000,
,,,97.839996338,-2.5400000,
,,,97.879997253,-2.5400000,
,,,97.919998169,-2.5400000,
,,,97.959999084,-2.5400000,
,,,98.000000000,-2.5400000,
,,,98.040000916,-2.5400000,
,,,98.079994202,-2.5400000,
,,,98.119995117,-2.5400000,
,,,98.159996033,-2.5400000,
,,,98.199996948,-2.5400000,
,,,98.239997864,-2.5400000,
,,,98.279998779,-2.5400000,
,,,98.319999695,-2.5400000,
,,,98.360000610,-2.5400000,
,,,98.400001526,-2.5400000,
,,,98.439994812,-2.5400000,
,,,98.479995728,-2.5400000,
,,,98.519996643,-2.5400000,
,,,98.559997559,-2.5400000,
,,,98.599998474,-2.5400000,
,,,98.639999390,-2.5400000,
,,,98.680000305,-2.5400000,
,,,98.720001221,-2.5400000,
,,,98.759994507,-2.5400000,
,,,98.799995422,-2.5400000,
,,,98.839996338,-2.5400000,
,,,98.879997253,-2.5400000,
,,,98.919998169,-2.5400000,
,,,98.959999084,-2.5400000,
,,,99.000000000,-2.5400000,
,,,99.040000916,-2.5400000,
,,,99.079994202,-2.5400000,
,,,99.119995117,-2.5400000,
,,,99.159996033,-2.5400000,
,,,99.199996948,-2.5400000,
,,,99.239997864,-2.5400000,
,,,99.279998779,-2.5400000,
,,,99.319999695,-2.5400000,
,,,99.360000610,-2.5400000,
,,,99.400001526,-2.5400000,
,,,99.439994812,-2.5400000,
,,,99.479995728,-2.5400000,
,,,99.519996643,-2.5400000,
,,,99.559997559,-2.5400000,
,,,99.599998474,-2.5400000,
,,,99.639999390,-2.5400000,
,,,99.680000305,-2.5400000,
,,,99.720001221,-2.5400000,
,,,99.759994507,-2.5400000,
,,,99.799995422,-2.5400000,
,,,99.839996338,-2.5400000,
,,,99.879997253,-2.5400000,
,,,99.919998169,-2.5400000,
,,,99.959999084,-2.5400000,
